,0
2021-09-13,50000.0
2021-09-14,50000.0
2021-09-15,50000.0
2021-09-16,50000.0
2021-09-17,50000.0
2021-09-20,50000.0
2021-09-21,50000.0
2021-09-22,50000.0
2021-09-23,50000.0
2021-09-24,50000.0
2021-09-27,50000.0
2021-09-28,49950.059440000005
2021-09-29,49216.11944
2021-09-30,49980.10944000001
2021-10-01,50007.559440000005
2021-10-04,47951.949440000004
2021-10-05,49185.90944000001
2021-10-06,49438.669440000005
2021-10-07,50679.04944
2021-10-08,49913.599440000005
2021-10-11,49630.40944000001
2021-10-12,49989.49498000002
2021-10-13,49856.39498000001
2021-10-14,51481.264980000014
2021-10-15,51759.00498000002
2021-10-18,51840.514980000014
2021-10-19,52345.764980000014
2021-10-20,52583.61498000002
2021-10-21,53676.844980000016
2021-10-22,52151.29498000001
2021-10-25,52406.654980000014
2021-10-26,51662.10674000002
2021-10-27,50777.01674000002
2021-10-28,50822.01674000002
2021-10-29,50966.47674000002
2021-11-01,50634.68674000002
2021-11-02,50501.61674000002
2021-11-03,50810.396740000026
2021-11-04,50923.51674000002
2021-11-05,51984.71674000002
2021-11-08,52136.57674000002
2021-11-09,51880.91669000003
2021-11-10,51009.90950000003
2021-11-11,51287.97950000003
2021-11-12,51389.60950000003
2021-11-15,51668.239500000025
2021-11-16,52231.96950000003
2021-11-17,51191.14950000003
2021-11-18,50435.38950000003
2021-11-19,50284.20128000003
2021-11-22,49912.171280000024
2021-11-23,50194.30963000003
2021-11-24,50061.68977000003
2021-11-26,48686.316710000036
2021-11-29,49519.36671000004
2021-11-30,48428.64004160004
2021-12-01,47555.620041600036
2021-12-02,48458.67004160004
2021-12-03,48107.25004160004
2021-12-06,49220.569991600045
2021-12-07,50661.19071160004
2021-12-08,50991.08807160005
2021-12-09,49870.98802160004
2021-12-10,50303.09184160004
2021-12-13,50487.79516160004
2021-12-14,50375.007901600045
2021-12-15,50256.537901600044
2021-12-16,49926.95837760004
2021-12-17,49663.80837760004
2021-12-20,49233.89223760004
2021-12-21,49721.03017760005
2021-12-22,49744.94333760005
2021-12-23,49757.60603760005
2021-12-27,49917.54603760005
2021-12-28,49740.06279760005
2021-12-29,49828.71279760005
2021-12-30,50038.102797600055
2021-12-31,49796.56923760005
2022-01-03,49932.13541760005
2022-01-04,49062.01870760005
2022-01-05,47277.84571760005
2022-01-06,47600.73627680005
2022-01-07,46763.23627680005
2022-01-10,47449.62680680005
2022-01-11,48947.14680680005
2022-01-12,48600.81680680005
2022-01-13,48350.30965040006
2022-01-14,48635.72727040005
2022-01-18,47809.36368080006
2022-01-19,48110.769604400055
2022-01-20,48096.14960440006
2022-01-21,47332.98287400006
2022-01-24,47508.80087400006
2022-01-25,45766.35277400006
2022-01-26,45082.31877400005
2022-01-27,46313.844774000056
2022-01-28,47253.89344400005
2022-01-31,49598.46616400006
2022-02-01,50651.07224400005
2022-02-02,50676.039238000056
2022-02-03,49122.561721000064
2022-02-04,49318.940591000064
2022-02-07,49516.99759100006
2022-02-08,49370.79057100006
2022-02-09,50396.40557100007
2022-02-10,49270.80957100006
2022-02-11,49060.63985860007
2022-02-14,48411.68308860007
2022-02-15,50168.803888600065
2022-02-16,49889.86488860007
2022-02-17,48536.59361360007
2022-02-18,48968.334400800064
2022-02-22,49290.126600400064
2022-02-23,47675.85196040007
2022-02-24,49637.04196040006
2022-02-25,50870.051960400066
2022-02-28,50945.70843640007
2022-03-01,48341.22159648008
2022-03-02,49369.28159648007
2022-03-03,48388.531596480076
2022-03-04,46698.49234328007
2022-03-07,44812.547842480075
2022-03-08,44962.45972248007
2022-03-09,47415.02472248008
2022-03-10,47089.31472248007
2022-03-11,45698.03261448007
2022-03-14,45345.55786448008
2022-03-15,47928.37743448008
2022-03-16,51100.84743448007
2022-03-17,51816.517434480076
2022-03-18,52942.81894448007
2022-03-21,51656.685154480074
2022-03-22,51953.900594480074
2022-03-23,51357.97682448008
2022-03-24,52071.77682448008
2022-03-25,51431.02514448009
2022-03-28,51952.47672448008
2022-03-29,52734.17045448009
2022-03-30,52459.13858048009
2022-03-31,51502.955580480084
2022-04-01,52012.520580480086
2022-04-04,51946.54812808009
2022-04-05,51883.996128080085
2022-04-06,52103.79582808008
2022-04-07,52225.81949896008
2022-04-08,51788.71949896009
2022-04-11,51256.55481896008
2022-04-12,50976.11423896009
2022-04-13,52194.214238960085
2022-04-14,51327.494238960084
2022-04-18,50681.674238960084
2022-04-19,52481.98910896008
2022-04-20,52180.00910896008
2022-04-21,50604.00821896009
2022-04-22,48661.708218960084
2022-04-25,47736.331879760095
2022-04-26,46230.465599760086
2022-04-27,46197.44185976009
2022-04-28,46034.294810560095
2022-04-29,44737.9848105601
2022-05-02,45379.05495376009
2022-05-03,45347.54320896009
2022-05-04,46368.34058896009
2022-05-05,44323.69278896009
2022-05-06,42475.3104713601
2022-05-09,41586.6291185601
2022-05-10,40623.20891656009
2022-05-11,39113.0837130401
2022-05-12,39608.5821462401
2022-05-13,40309.1221462401
2022-05-16,40485.0849762401
2022-05-17,41693.0861262401
2022-05-18,39868.0134990401
2022-05-19,39400.6843290401
2022-05-20,39387.593429040106
2022-05-23,41059.8334290401
2022-05-24,41180.7205290401
2022-05-25,42619.4605290401
2022-05-26,44509.1494690401
2022-05-27,45781.269469040104
2022-05-31,45381.6394690401
2022-06-01,44526.1287190401
2022-06-02,45425.2951190401
2022-06-03,44541.1864190401
2022-06-06,44782.7993890401
2022-06-07,45110.66938904011
2022-06-08,45223.94157904011
2022-06-09,44599.43157904011
2022-06-10,43869.2218190401
2022-06-13,42120.378624240104
2022-06-14,41913.32862424011
2022-06-15,42162.99792424011
2022-06-16,41147.9133398401
2022-06-17,41241.15270144011
2022-06-21,41729.6157014401
2022-06-22,41014.661973840106
2022-06-23,41163.88138384011
2022-06-24,43246.12038384011
2022-06-27,43832.200383840114
2022-06-28,43957.63228384011
2022-06-29,42448.07228384011
2022-06-30,41956.90464384011
2022-07-01,42434.43080084011
2022-07-05,41644.31426084012
2022-07-06,41130.13426084012
2022-07-07,41899.71041084011
2022-07-08,41871.319280840115
2022-07-11,41345.87928084012
2022-07-12,41475.379160840115
2022-07-13,41337.44492084012
2022-07-14,40709.97492084012
2022-07-15,41757.90694084011
2022-07-18,41513.613150840116
2022-07-19,42733.061200840115
2022-07-20,43306.52768084012
2022-07-21,43548.38768084012
2022-07-22,43162.75007084012
2022-07-25,43168.37007084012
2022-07-26,42328.306280840116
2022-07-27,44495.82335084012
2022-07-28,46244.19335084012
2022-07-29,47639.95070084012
2022-08-01,47562.513110840126
2022-08-02,47891.24667084012
2022-08-03,50680.913750840125
2022-08-04,52030.12970084012
2022-08-05,52473.03520084012
2022-08-08,52816.91538084012
2022-08-09,50344.68926084012
2022-08-10,52378.83828084012
2022-08-11,52290.70000084012
2022-08-12,53205.70621084012
2022-08-15,52481.57093084012
2022-08-16,52424.93952484012
2022-08-17,51425.77160484012
2022-08-18,52350.066234840124
2022-08-19,51689.94657324012
2022-08-22,50531.57657324013
2022-08-23,50618.568973240115
2022-08-24,50810.32897324012
2022-08-25,51200.44100324012
2022-08-26,49762.58047324012
2022-08-29,49481.630473240126
2022-08-30,48955.39151324012
2022-08-31,49307.423373240126
2022-09-01,48768.05337324012
2022-09-02,49331.10845324013
2022-09-06,48780.798453240124
2022-09-07,48996.19231324013
2022-09-08,48941.53526324013
2022-09-09,49665.58526324012
2022-09-12,49498.225663240126
2022-09-13,48111.63894324013
2022-09-14,48928.91057324013
2022-09-15,48588.44288324013
2022-09-16,48268.102883240135
2022-09-19,48633.84365324013
2022-09-20,47685.95457024013
2022-09-21,46829.30457024013
2022-09-22,46209.85959024013
2022-09-23,45352.943796240135
2022-09-26,44658.91779624014
2022-09-27,45462.08484624013
2022-09-28,46823.53795624012
2022-09-29,46072.264767200126
2022-09-30,44072.81017500013
2022-10-03,45417.725075000126
2022-10-04,48514.26007500013
2022-10-05,47587.93248500013
2022-10-06,47178.423685000125
2022-10-07,45232.833238120125
2022-10-10,43785.578956760124
2022-10-11,42885.495826760125
2022-10-12,42558.33334876013
2022-10-13,42335.63672956012
2022-10-14,41344.68138956013
2022-10-17,42465.34331036013
2022-10-18,43355.45331036013
2022-10-19,43080.741318360124
2022-10-20,43506.19845836013
2022-10-21,44696.81149836013
2022-10-24,45357.38390540014
2022-10-25,46264.413665400134
2022-10-26,46145.57510540013
2022-10-27,46002.50510540014
2022-10-28,46532.52021540014
2022-10-31,46779.22886540014
2022-11-01,46459.326255400134
2022-11-02,45473.156255400136
2022-11-03,44755.44463540015
2022-11-04,45291.27970300014
2022-11-07,44507.261470840145
2022-11-08,44402.14809084014
2022-11-09,43583.632883640144
2022-11-10,46184.09288364014
2022-11-11,48687.45538364015
2022-11-14,47911.46207364014
2022-11-15,48519.776603640144
2022-11-16,47805.559213640154
2022-11-17,47517.37149364015
2022-11-18,47362.72125364015
2022-11-21,47341.662983640155
2022-11-22,47849.73039364015
2022-11-23,47944.56872364015
2022-11-25,48031.42872364014
2022-11-28,46988.38198364016
2022-11-29,47297.31752364016
2022-11-30,49264.86311364016
2022-12-01,48975.06055364016
2022-12-02,48896.379623640154
2022-12-05,47933.66417364016
2022-12-06,47703.601343640155
2022-12-07,47554.94474764016
2022-12-08,47712.10732764016
2022-12-09,47608.74532764016
2022-12-12,48027.64714764016
2022-12-13,50181.38852764016
2022-12-14,50037.62537764016
2022-12-15,49071.05397164016
2022-12-16,47927.59367164016
2022-12-19,47361.377151640154
2022-12-20,47946.76255164016
2022-12-21,49088.00379764016
2022-12-22,47523.04310284016
2022-12-23,46787.47837484016
2022-12-27,45092.12347484016
2022-12-28,44608.61263484017
2022-12-29,46563.87087484017
2022-12-30,46814.907804840164
2023-01-03,45160.114355640166
2023-01-04,45973.03167564017
2023-01-05,45155.78167564017
2023-01-06,46494.64976564017
2023-01-09,47555.14390564017
2023-01-10,47719.58390564017
2023-01-11,47935.11079564017
2023-01-12,47738.884285640175
2023-01-13,47761.134285640175
2023-01-17,48089.974655640166
2023-01-18,47461.31889564018
2023-01-19,46905.205423640175
2023-01-20,47762.43942364017
2023-01-23,48602.43936364017
2023-01-24,48898.81842364018
2023-01-25,48061.52042364018
2023-01-26,48337.89560364018
2023-01-27,48367.39850364017
2023-01-30,48373.71450364018
2023-01-31,48916.84231364017
2023-02-01,50392.17438364018
2023-02-02,51511.836637640175
2023-02-03,50542.25686764018
2023-02-06,50244.05456764018
2023-02-07,49826.07316764017
2023-02-08,49442.75316764018
2023-02-09,48743.562047640175
2023-02-10,49577.96479764018
2023-02-13,49739.41479764018
2023-02-14,49369.46892764018
2023-02-15,49799.99208764018
2023-02-16,49025.688257640184
2023-02-17,49097.65463764019
2023-02-21,48318.040457640185
2023-02-22,48238.98959764018
2023-02-23,48278.76959764018
2023-02-24,47878.81519764019
2023-02-27,48039.65666164019
2023-02-28,47869.69666164019
2023-03-01,48003.9839016402
2023-03-02,48456.57024164019
2023-03-03,49216.8771716402
2023-03-06,49097.4454316402
2023-03-07,48251.70734164019
2023-03-08,48139.334141640196
2023-03-09,46982.3643296402
2023-03-10,45944.8446976402
2023-03-13,45168.4546932402
2023-03-14,45878.7006932402
2023-03-15,45187.0312580402
2023-03-16,46133.6772580402
2023-03-17,43917.7895030402
2023-03-20,44811.8819830402
2023-03-21,48259.8690730402
2023-03-22,45952.8116630402
2023-03-23,45204.67166304019
2023-03-24,45779.31196304021
2023-03-27,46484.19394704021
2023-03-28,46522.96054704021
2023-03-29,47075.43121104021
2023-03-30,47200.786211040206
2023-03-31,47367.543432040206
2023-04-03,47667.28232204021
2023-04-04,47576.65154204021
2023-04-05,47323.34001204021
2023-04-06,47817.92001204021
2023-04-10,48554.664542040206
2023-04-11,48736.944542040204
2023-04-12,48515.587062040206
2023-04-13,48659.31706204021
2023-04-14,47996.35706204021
2023-04-17,49058.587062040206
2023-04-18,49225.78297204021
2023-04-19,50072.709962040215
2023-04-20,49322.57209204022
2023-04-21,49303.172092040215
2023-04-24,49637.76209204022
2023-04-25,49061.51209204022
2023-04-26,48397.18626204021
2023-04-27,49777.00626204022
2023-04-28,50471.61626204022
2023-05-01,50524.35626204021
2023-05-02,50272.634782040215
2023-05-03,51110.54304204022
2023-05-04,50911.64156304022
2023-05-05,52263.066563040215
2023-05-08,52399.91056304022
2023-05-09,52338.513563040215
2023-05-10,52884.16044304022
2023-05-11,53185.04044304022
2023-05-12,52083.13670304022
2023-05-15,52549.68470304021
2023-05-16,52338.30020304022
2023-05-17,53132.635413040225
2023-05-18,54135.47233904022
2023-05-19,53431.71233904022
2023-05-22,54499.45233904022
2023-05-23,53303.12233904022
2023-05-24,52965.96506904023
2023-05-25,52748.205069040225
2023-05-26,53128.33624904022
2023-05-30,53098.781349840225
2023-05-31,53510.66967984023
2023-06-01,53845.45395984023
2023-06-02,54811.52395984023
2023-06-05,53986.40395984023
2023-06-06,54555.16395984023
2023-06-07,53979.39395984023
2023-06-08,54268.95066984023
2023-06-09,54442.77066984023
2023-06-12,54922.33066984023
2023-06-13,55101.47182984023
2023-06-14,55282.317399840234
2023-06-15,55993.60065984023
2023-06-16,55719.08389984024
2023-06-20,55331.39847984023
2023-06-21,55169.58847984023
2023-06-22,54680.29847984023
2023-06-23,54228.64508984024
2023-06-26,55104.94508984024
2023-06-27,55471.045089840234
2023-06-28,55070.91855984024
2023-06-29,55479.564219840235
2023-06-30,55754.12421984023
2023-07-03,56125.905859840226
2023-07-05,55783.51748984023
2023-07-06,54914.057489840234
2023-07-07,55111.01748984024
2023-07-10,55857.43693984024
2023-07-11,56584.066939840246
2023-07-12,56977.60693984024
2023-07-13,57426.67877984024
2023-07-14,57154.40022984024
2023-07-17,56866.96022984024
2023-07-18,57234.72433464025
2023-07-19,57618.65373464025
2023-07-20,57481.69373464025
2023-07-21,56890.52373464024
2023-07-24,57179.88260464025
2023-07-25,57287.47820464025
2023-07-26,57405.968204640245
2023-07-27,56503.80833464026
2023-07-28,56799.03843464025
2023-07-31,56791.948434640246
2023-08-01,56471.857464640256
2023-08-02,55289.63411464026
2023-08-03,54938.634114640256
2023-08-04,54894.774114640255
2023-08-07,54674.96981464025
2023-08-08,54529.604624640255
2023-08-09,54311.40462464025
2023-08-10,54259.32882464025
2023-08-11,54734.33266464026
2023-08-14,55236.458734640255
2023-08-15,54528.22414064025
2023-08-16,53849.94981064025
2023-08-17,54381.220810640254
2023-08-18,54219.27281064026
2023-08-21,55744.45730064026
2023-08-22,55204.851529040265
2023-08-23,57595.87352904026
2023-08-24,56027.21191904026
2023-08-25,56400.612269040255
2023-08-28,57457.90922904026
2023-08-29,58544.60702504026
2023-08-30,58940.54263504026
2023-08-31,58967.912635040266
2023-09-01,59351.07263504027
2023-09-05,58935.81280504026
2023-09-06,59224.01881704026
2023-09-07,58314.574817040266
2023-09-08,58100.393457040256
2023-09-11,58617.49889704026
2023-09-12,57773.06289704026
2023-09-13,57611.11054704027
2023-09-14,57324.02292704027
2023-09-15,56652.55099704027
2023-09-18,56917.276997040266
2023-09-19,57079.229717040274
2023-09-20,56003.38181704027
2023-09-21,54981.01365544027
2023-09-22,54297.13365544027
2023-09-25,54468.97097544028
2023-09-26,54002.36159544028
2023-09-27,54409.99913544028
2023-09-28,55180.55930544028
2023-09-29,55586.244885440276
2023-10-02,55534.72604044028
2023-10-03,54541.354200440284
2023-10-04,54898.403904040286
2023-10-05,53419.87035404028
2023-10-06,54063.900354040285
2023-10-09,54603.30079404029
2023-10-10,55298.212794040286
2023-10-11,55355.03179404029
2023-10-12,53973.21078324029
2023-10-13,53646.28589324029
2023-10-16,54442.24437424029
2023-10-17,54819.37659424028
2023-10-18,52482.03249424029
2023-10-19,51483.33337984029
2023-10-20,50363.87271984029
2023-10-23,50480.20057264029
2023-10-24,51027.2115726403
2023-10-25,49805.6422496003
2023-10-26,49156.43276080029
2023-10-27,48795.643046800295
2023-10-30,49128.3905568003
2023-10-31,48644.3078368003
2023-11-01,48974.2582968003
2023-11-02,50247.490126800294
2023-11-03,50990.43084680029
2023-11-06,50592.5542368003
2023-11-07,50156.9172368003
2023-11-08,49840.1430718003
2023-11-09,49091.557541800306
2023-11-10,49617.9643578003
2023-11-13,49437.2485178003
2023-11-14,51130.659257800304
2023-11-15,51454.06888780031
2023-11-16,50606.2760378003
2023-11-17,51877.504777800306
2023-11-20,52164.4437478003
2023-11-21,51798.33909780031
2023-11-22,51986.85219780031
2023-11-24,52336.82564780031
2023-11-27,52251.356367800305
2023-11-28,52715.29795780031
2023-11-29,53442.40302780031
2023-11-30,54119.66638780032
2023-12-01,55093.793567800305
2023-12-04,54360.573567800304
2023-12-05,53645.43189780031
2023-12-06,53751.59937780032
2023-12-07,54873.10367780032
2023-12-08,54981.99367780032
2023-12-11,55733.99421780032
2023-12-12,55891.382427800316
2023-12-13,56897.23164780032
2023-12-14,56966.977487800315
2023-12-15,56340.31883780032
2023-12-18,56650.89883780032
2023-12-19,57069.065307800316
2023-12-20,56352.05055780032
2023-12-21,57171.16909780032
2023-12-22,57410.571327800324
2023-12-26,57636.34602780032
2023-12-27,57568.05214780032
2023-12-28,57734.28937780032
2023-12-29,57638.74701780033
2024-01-02,57162.036637800324
2024-01-03,56632.006637800325
2024-01-04,56549.539307800325
2024-01-05,56522.226917800326
2024-01-08,56698.81758780034
2024-01-09,55515.20233780033
2024-01-10,55476.41233780033
2024-01-11,54522.47233780033
2024-01-12,54028.84839100033
2024-01-16,52220.61413100034
2024-01-17,51722.74300100034
2024-01-18,53021.32300100034
2024-01-19,52842.02597100034
2024-01-22,53026.69791100034
2024-01-23,53870.638291000345
2024-01-24,54198.71852100034
2024-01-25,54183.72852100033
2024-01-26,54273.68852100034
2024-01-29,54849.05223100034
2024-01-30,54852.07034100034
2024-01-31,53856.607901000345
2024-02-01,54285.62790100034
2024-02-02,55466.70534100034
2024-02-05,54046.559177000345
2024-02-06,54552.18429700034
2024-02-07,54787.61958700034
2024-02-08,55249.593988400346
2024-02-09,56289.023988400346
2024-02-12,57104.00960840036
2024-02-13,55675.09509840035
2024-02-14,55827.94889840035
2024-02-15,56743.30889840035
2024-02-16,56508.67721840035
2024-02-20,56614.01275760034
2024-02-21,56746.55152760035
2024-02-22,58021.922017600344
2024-02-23,57866.02785760035
2024-02-26,57537.70785760035
2024-02-27,57332.95095760035
2024-02-28,57324.91511760036
2024-02-29,57549.101017600355
2024-03-01,57651.39100760035
2024-03-04,56528.88919760034
2024-03-05,55902.59507760035
2024-03-06,56740.70485760036
2024-03-07,57457.83621760036
2024-03-08,57181.784497600354
2024-03-11,57195.62757760035
2024-03-12,57239.90407760035
2024-03-13,56599.97495760035
2024-03-14,55148.46595800036
2024-03-15,55441.34628800036
2024-03-18,55094.77835800035
2024-03-19,54967.276008000365
2024-03-20,55103.03564240037
2024-03-21,55563.16586240037
2024-03-22,55204.58032240036
2024-03-25,55150.878112400365
2024-03-26,55432.077712400365
2024-03-27,56408.595552400366
2024-03-28,56558.064642400364
2024-04-01,56188.468612400364
2024-04-02,55152.01526240036
2024-04-03,55279.55526240036
2024-04-04,54685.50459240037
2024-04-05,55684.047492400365
2024-04-08,56039.072832400365
2024-04-09,56631.210882400366
2024-04-10,55489.712382400365
2024-04-11,55838.91238240036
2024-04-12,54194.18434160037
2024-04-15,53156.21065160037
2024-04-16,53428.18019160037
2024-04-17,52776.23019160037
2024-04-18,52290.05948160037
2024-04-19,51494.79948160037
2024-04-22,52108.335021600375
2024-04-23,52822.20388160038
2024-04-24,53232.12539160038
2024-04-25,53590.14953160037
2024-04-26,52677.71311160037
2024-04-29,53120.06638160037
2024-04-30,52299.99052160037
2024-05-01,52260.980521600366
2024-05-02,53083.64860160038
2024-05-03,53464.50860160038
2024-05-06,53691.77239160037
2024-05-07,53840.26920160037
2024-05-08,53223.15098160037
2024-05-09,54163.414621600365
2024-05-10,53590.37020160037
2024-05-13,54615.34690160037
2024-05-14,54818.36849160038
2024-05-15,55599.77049160038
2024-05-16,55850.90681160038
2024-05-17,55754.762811600376
2024-05-20,56559.48507160038
2024-05-21,56394.53440160037
2024-05-22,56492.52903160039
2024-05-23,56529.46152360038
2024-05-24,57331.83629360038
2024-05-28,56971.20524360038
2024-05-29,56527.54686360038
2024-05-30,56312.466863600384
2024-05-31,57019.21732360039
2024-06-03,56200.29732360038
2024-06-04,55707.21389360038
2024-06-05,56886.831143600386
2024-06-06,56467.35896360038
2024-06-07,56018.98707360039
2024-06-10,56781.10004360039
2024-06-11,56341.403873600386
2024-06-12,56682.187923600395
2024-06-13,57655.83063360039
2024-06-14,57163.55815360039
2024-06-17,57483.058153600396
2024-06-18,58443.9962636004
2024-06-20,58025.2708936004
2024-06-21,58111.3898636004
2024-06-24,58662.03451280039
2024-06-25,60072.0387228004
2024-06-26,60546.7871928004
2024-06-27,61429.9776128004
2024-06-28,61700.3001728004
2024-07-01,60171.2557728004
2024-07-02,60382.49577280041
2024-07-03,60408.4789728004
2024-07-05,60877.017622800406
2024-07-08,61508.461802800404
2024-07-09,61630.3180328004
2024-07-10,62240.88291280041
2024-07-11,62869.02407280041
2024-07-12,64052.04209280041
2024-07-15,64182.12181280041
2024-07-16,66414.83952280042
2024-07-17,65025.77424280041
2024-07-18,63760.018782800405
2024-07-19,63114.57091560041
2024-07-22,64340.76477320041
2024-07-23,64889.48599320041
2024-07-24,63782.40604320041
2024-07-25,64472.58372000041
2024-07-26,64709.64524000041
2024-07-29,65152.014140000414
2024-07-30,63516.29066440042
2024-07-31,63708.682994400406
2024-08-01,63744.535744000415
2024-08-02,63029.51780600042
2024-08-05,61070.51124848042
2024-08-06,62048.130928480416
2024-08-07,60788.18721848042
2024-08-08,62791.14703728042
2024-08-09,62316.96949728042
2024-08-12,62801.102052080416
2024-08-13,63917.66334208042
2024-08-14,63967.483782080424
2024-08-15,65936.78378208043
2024-08-16,65987.50683208043
2024-08-19,66693.19879208042
2024-08-20,65639.63890208043
2024-08-21,66654.55516208043
2024-08-22,66672.92300208044
2024-08-23,67533.46976208044
2024-08-26,67757.31739208044
2024-08-27,67959.38966208043
2024-08-28,67430.57966208042
2024-08-29,68296.97966208041
2024-08-30,69481.95888208043
2024-09-03,68106.31500208043
2024-09-04,67494.37203208044
2024-09-05,68074.94080208043
2024-09-06,67097.27439208044
2024-09-09,67773.53199208045
2024-09-10,67662.96600208043
2024-09-11,67803.98433208044
2024-09-12,68391.50433208044
2024-09-13,69605.16433208044
2024-09-16,70765.59433208044
2024-09-17,71212.47612208042
2024-09-18,71315.01393208043
2024-09-19,71478.53118208043
2024-09-20,71536.71935208044
2024-09-23,72046.00618208044
2024-09-24,71726.88188208044
2024-09-25,70986.19613208044
2024-09-26,72235.10613208044
2024-09-27,72522.85613208044
2024-09-30,73159.66613208044
2024-10-01,72317.14248208045
2024-10-02,70333.13437728045
2024-10-03,69621.55901728045
2024-10-04,69707.10387728045
2024-10-07,68769.11108728046
2024-10-08,69380.83108728044
2024-10-09,70644.80101728046
2024-10-10,70658.80838728046
2024-10-11,71882.82838728045
2024-10-14,72313.43838728045
2024-10-15,71701.37890728045
2024-10-16,72411.45959728045
2024-10-17,71654.17266728045
2024-10-18,71710.12739728045
2024-10-21,72047.57377728046
2024-10-22,71223.83377728045
2024-10-23,70969.06577728046
2024-10-24,71230.48579728047
2024-10-25,71328.58579728047
2024-10-28,72086.10579728047
2024-10-29,71497.37707328046
2024-10-30,71660.38874328046
2024-10-31,69153.61277048048
2024-11-01,69310.66806048047
2024-11-04,70043.30297048046
2024-11-05,71187.12097048046
2024-11-06,74428.01664048046
2024-11-07,76847.25115048049
2024-11-08,76407.63515048048
2024-11-11,75517.52115048048
2024-11-12,73198.07892448048
2024-11-13,71747.53294448047
2024-11-14,70630.90189448048
2024-11-15,69411.00946448048
2024-11-18,69899.96438448048
2024-11-19,69786.58438448049
2024-11-20,70289.80004448048
2024-11-21,70676.0301944805
2024-11-22,71515.26019448049
2024-11-25,72675.29174448049
2024-11-26,72156.62338448048
2024-11-27,72353.5855144805
2024-11-29,73284.43091448049
2024-12-02,73207.36190448048
2024-12-03,73357.08512448048
2024-12-04,72344.78512448049
2024-12-05,71572.68501448049
2024-12-06,71383.90575448048
2024-12-09,71101.88575448049
2024-12-10,69737.2676844805
2024-12-11,69794.9480144805
2024-12-12,69842.5490844805
2024-12-13,68958.7990844805
2024-12-16,68793.0448444805
2024-12-17,68422.6332244805
2024-12-18,66819.5732244805
2024-12-19,66137.0857044805
2024-12-20,67469.3970644805
2024-12-23,67746.7170644805
2024-12-24,67976.5348144805
2024-12-26,68318.6548144805
2024-12-27,67912.2421644805
2024-12-30,66629.7185644805
2024-12-31,66738.97851448049
2025-01-02,66987.4277644805
2025-01-03,67602.8277644805
2025-01-06,69452.83689448051
2025-01-07,69039.3968944805
2025-01-08,69469.05689448051
2025-01-10,68505.3568944805
2025-01-13,69060.8868944805
2025-01-14,70016.8358744805
2025-01-15,70338.01507448051
2025-01-16,71064.3350744805
2025-01-17,70392.3301244805
2025-01-21,70981.55284448051
2025-01-22,70981.1269644805
2025-01-23,71195.3969644805
2025-01-24,71079.71696448051
2025-01-27,72429.46696448051
2025-01-28,71836.9569644805
2025-01-29,72039.28965448051
2025-01-30,72493.8905144805
2025-01-31,72253.3305144805
2025-02-03,71903.12397448052
2025-02-04,71778.61728448053
2025-02-05,70953.12316848052
2025-02-06,71703.42483348052
2025-02-07,71473.84683348051
2025-02-10,72170.11683348053
2025-02-11,72181.61983348051
2025-02-12,71715.57548388053
2025-02-13,72540.14667388053
2025-02-14,72330.43338388053
2025-02-18,73212.13938388054
2025-02-19,73854.49314388054
2025-02-20,72762.29159948054
2025-02-21,70449.70997648055
2025-02-24,69770.80018288054
2025-02-25,69975.66213288053
2025-02-26,72167.20213288054
2025-02-27,70509.17663888054
2025-02-28,70482.86897888053
2025-03-03,70616.16765888054
2025-03-04,69993.44851928056
2025-03-05,70912.85351728054
2025-03-06,69349.55524088055
2025-03-07,69326.91539408056
2025-03-10,67162.63408568056
2025-03-11,68010.74532568056
2025-03-12,68822.31532568055
2025-03-13,66526.77282008056
2025-03-14,68357.29758008056
2025-03-17,69434.98065008056
2025-03-18,66710.57974008056
2025-03-19,67470.10974008056
2025-03-20,67430.88299008056
2025-03-21,68254.60994008057
2025-03-24,70779.19500008057
2025-03-25,70955.99874008055
2025-03-26,70657.82874008056
2025-03-27,70239.65884008056
2025-03-28,70107.13314008056
2025-03-31,70038.70094008057
2025-04-01,70717.02217008057
2025-04-02,71493.10217008057
2025-04-03,68236.04359008058
2025-04-04,63198.43168728057
2025-04-07,64311.25507128057
2025-04-08,63998.60261128058
2025-04-09,71567.63361128056
2025-04-10,66568.25206128057
2025-04-11,66977.00906128057
2025-04-14,67577.19506128057
2025-04-15,66866.84702128057
2025-04-16,64777.20964128056
2025-04-17,65357.257641280565
2025-04-21,63483.684854280575
2025-04-22,65351.968854280574
2025-04-23,66911.76814828058
2025-04-24,68609.70814828057
2025-04-25,67808.31295828059
2025-04-28,68121.13295828058
2025-04-29,68412.12295828058
2025-04-30,69481.54453828056
2025-05-01,69592.44299828056
2025-05-02,70613.63299828056
2025-05-05,70311.56212828057
2025-05-06,70127.57124828058
2025-05-07,70565.44063828058
2025-05-08,71260.64063828057
2025-05-09,70651.53114828057
2025-05-12,71998.38078828057
2025-05-13,71742.59207148057
2025-05-14,71551.94755748057
2025-05-15,72133.14418748058
2025-05-16,72922.60818748057
2025-05-19,72819.47745748058
2025-05-20,72643.05591748058
2025-05-21,70299.0882124806
2025-05-22,69780.86621248059
2025-05-23,68535.99576648058
2025-05-27,68822.68750888058
2025-05-28,68238.91450888058
2025-05-29,69933.53913488059
2025-05-30,69935.53609488059
2025-06-02,70283.61168588059
2025-06-03,70931.86968588059
2025-06-04,70372.5366858806
2025-06-05,70960.23633588059
2025-06-06,72345.2839958806
2025-06-09,72829.08036588061
2025-06-10,74241.6211258806
2025-06-11,74041.5150858806
2025-06-12,73641.7597258806
2025-06-13,71638.77328588061
2025-06-16,71431.24027588061
2025-06-17,70430.4303788806
2025-06-18,70848.8503788806
2025-06-20,71229.78896288062
2025-06-23,71913.22765288061
2025-06-24,72619.21067288061
2025-06-25,71923.3985828806
2025-06-26,72232.62308288061
2025-06-27,73469.67314288062
2025-06-30,74306.74950288062
2025-07-01,74489.02805288062
2025-07-02,74668.79759288061
2025-07-03,75359.64759288062
2025-07-07,75125.47556288062
2025-07-08,76040.91961288062
2025-07-09,76170.99961288062
2025-07-10,76279.59012288062
2025-07-11,75295.0321028806
2025-07-14,76098.39739288062
2025-07-15,74043.27739288063
2025-07-16,73988.75004288062
2025-07-17,74382.20004288064
2025-07-18,74136.52460288063
2025-07-21,73214.94146288063
2025-07-22,73028.01723288064
2025-07-23,72596.42065288064
2025-07-24,73452.66255288065
2025-07-25,73229.67226288063
2025-07-28,73305.15302288064
2025-07-29,73075.43202288063
2025-07-30,72376.83397288065
2025-07-31,71516.58928048065
2025-08-01,70442.86055148064
2025-08-04,70105.55152148064
2025-08-05,70395.44353148065
2025-08-06,70450.36582148065
2025-08-07,70789.28896148065
2025-08-08,70663.70906148065
2025-08-11,70251.38599148064
2025-08-12,72215.32599148064
2025-08-13,73932.25693148063
2025-08-14,73423.44914148064
2025-08-15,73237.16946148065
2025-08-18,72800.63263148064
2025-08-19,72222.29576148064
2025-08-20,71735.44467148065
2025-08-21,71656.79548648065
2025-08-22,73062.51548648064
2025-08-25,72657.98110648064
2025-08-26,73356.71110648064
2025-08-27,71967.50900648064
2025-08-28,72893.68776648065
2025-08-29,72479.96615688065
2025-09-02,72051.69764688064
2025-09-03,71998.82022688066
2025-09-04,72455.09022688067
2025-09-05,73171.56449688064
2025-09-08,73189.01964528066
2025-09-09,72764.14304528065
2025-09-10,72388.76304528066
2025-09-11,72761.36302528066
2025-09-12,72019.91176528066
2025-09-15,71882.12262428066
2025-09-16,71424.60303428065
2025-09-17,72140.21643428066
2025-09-18,73328.18743428067
2025-09-19,74228.60898428067
2025-09-22,73944.75832428066
2025-09-23,73090.82078428067
2025-09-24,72945.28051428066
2025-09-25,72054.60055428067
2025-09-26,71969.82510428067
2025-09-29,71849.72874328066
2025-09-30,72088.88683328067
2025-10-01,71545.42082328067
2025-10-02,71911.39082328067
2025-10-03,72172.09388328067
2025-10-06,71794.92618328068
2025-10-07,71497.33618328068
2025-10-08,70591.04201328068
2025-10-09,71434.61301328067
2025-10-10,68952.46651328068
2025-10-13,70538.03042328068
2025-10-14,70412.04842328068
2025-10-15,70574.4861432807
2025-10-16,70744.46922328068
2025-10-17,71473.07171328069
2025-10-20,72024.8681132807
2025-10-21,72876.08531328068
2025-10-22,72467.79445328069
2025-10-23,73517.07249328069
2025-10-24,74050.9085132807
2025-10-27,74916.3655532807
2025-10-28,74273.4500632807
2025-10-29,72285.72531328071
2025-10-30,68734.02595368071
2025-10-31,69542.42595368071
2025-11-03,69027.5959536807
2025-11-04,67980.83842368072
2025-11-05,68496.1718596807
2025-11-06,66619.9089936807
2025-11-07,67599.10628368071
2025-11-10,67617.3342836807
2025-11-11,67292.0191836807
2025-11-12,67218.5724336807
2025-11-13,66144.10817368072
2025-11-14,66809.60817368072
2025-11-17,66036.87726368073
2025-11-18,66347.05534808071
2025-11-19,65480.17487808072
2025-11-20,63717.31906708072
2025-11-21,64053.554032680724
2025-11-24,64447.13403268072
2025-11-25,65091.86243268071
2025-11-26,65556.93471268071
2025-11-28,65939.13471268071
2025-12-01,64954.222512680724
2025-12-02,64502.16204268072
2025-12-03,64515.63201268072
2025-12-04,65744.84706268071
2025-12-05,66654.48477268072
2025-12-08,67076.22539268073
2025-12-09,66700.71539268072
2025-12-10,67790.71022268073
2025-12-11,68261.02802268072
2025-12-12,67816.24802268072
2025-12-15,68283.68818268074
2025-12-16,67909.93050268073
2025-12-17,67418.38917268073
2025-12-18,67917.42891268073
2025-12-19,70180.42087268073
2025-12-22,70311.36778268074
2025-12-23,70355.41102268074
2025-12-24,71657.55653268074
2025-12-26,71266.31874268073
2025-12-29,71318.50079268074
2025-12-30,71175.67705268074
2025-12-31,70888.97015268073
2026-01-02,72189.20363268074
2026-01-05,73515.94123268074
2026-01-06,75473.15737268074
2026-01-07,75111.94691268074
2026-01-08,74202.62469268074
2026-01-09,74602.69469268074
2026-01-12,75323.76469268074
2026-01-13,76337.12953268073
2026-01-14,74475.00428268075
2026-01-15,74809.81428268075
2026-01-16,73277.17606268075
2026-01-20,71962.13145268074
2026-01-21,71485.06818268074
2026-01-22,71441.43440268075
2026-01-23,71622.46348268075
2026-01-26,71214.43967268076
2026-01-27,71785.53967268075
2026-01-28,72508.40293268076
2026-01-29,72891.96539268075
2026-01-30,71783.82539268075
2026-02-02,72122.57044788075
2026-02-03,72100.39686788074
2026-02-04,70486.84078228076
2026-02-05,69167.33265348077
2026-02-06,72724.06857348078
2026-02-09,72700.18857348077
2026-02-10,72513.33857348077
2026-02-11,71857.09588348075
2026-02-12,70661.79716348076
2026-02-13,73250.56716348077
2026-02-17,73797.08716348077
2026-02-18,73540.69092348077
2026-02-19,73697.62035348077
2026-02-20,74198.61137348077
2026-02-23,71603.38974848078
2026-02-24,73190.16974848078
2026-02-25,74736.82974848078
2026-02-26,75974.13042848077
2026-02-27,74794.01659848077
2026-03-02,74596.49565848077
2026-03-03,75801.65565848077
2026-03-04,77318.51316848079
2026-03-05,79288.55757048079
2026-03-06,78880.94178048077
2026-03-09,83524.6903304808
2026-03-10,85732.75746048079
2026-03-11,85487.21746048078
2026-03-12,82724.62576048079
2026-03-13,83149.3245976808
2026-03-16,85237.99608568079
2026-03-17,86407.58962568079
2026-03-18,88224.23444568079
2026-03-19,91950.0685256808
2026-03-20,88810.6151156808
2026-03-23,91170.59783568079
2026-03-24,90363.0680656808
2026-03-25,92869.0880656808
2026-03-26,89926.8259688808
2026-03-27,90909.58496888081
2026-03-30,88088.5449688808
2026-03-31,91989.7283288808
2026-04-01,93802.91020888081
2026-04-02,95354.9433188808
2026-04-06,94020.08821888082
2026-04-07,94147.9869388808
2026-04-08,97208.70129888081
2026-04-09,96485.04129888081
2026-04-10,97209.09278888081
2026-04-13,99033.41517888081
2026-04-14,98730.1251788808
2026-04-15,100385.8360288808
2026-04-16,101365.77270888082
2026-04-17,102801.31792528082
2026-04-20,104067.26707528083
2026-04-21,104779.20844528083
2026-04-22,106089.04844528085
2026-04-23,105488.01844528085
2026-04-24,102877.58203528084
2026-04-27,101495.76238528083
2026-04-28,100950.39238528084
2026-04-29,99134.62374128084
2026-04-30,102943.47380128084
2026-05-01,102965.21771128083
2026-05-04,103029.82010128084
2026-05-05,104818.19252128084
2026-05-06,108293.01252128083
2026-05-07,106250.86252128084
2026-05-08,106998.92969128083
2026-05-11,107151.40945128084
2026-05-12,106146.15945128084
2026-05-13,106774.51447128085
2026-05-14,107995.99728128086
2026-05-15,109621.29481128085
2026-05-18,110003.70526128086
2026-05-19,107727.79526128086
2026-05-20,110885.40526128086
2026-05-21,111647.73526128086
2026-05-22,112663.82752128087
2026-05-26,115037.26313128087
2026-05-27,117965.48313128085
2026-05-28,120120.98543128087
2026-05-29,119088.44404128088
2026-06-01,118968.90570128088
2026-06-02,117965.42012128087
2026-06-03,116378.11283128087
2026-06-04,116635.43283128088
2026-06-05,114653.24283128088
2026-06-08,113455.90283128087
2026-06-09,114230.06043128087
2026-06-10,113624.59408128087
2026-06-11,112343.44301728088
2026-06-12,111243.54627728088
2026-06-15,111697.91072728088
2026-06-16,111610.94572728088
2026-06-17,108442.58586728088
2026-06-18,108753.10586728089
2026-06-22,105666.94586728088
2026-06-23,105589.26317688086
2026-06-24,108135.81649688089
2026-06-25,106170.20122288089
2026-06-26,109945.7446828809
2026-06-29,113779.29695288089
2026-06-30,115909.9989928809
2026-07-01,112864.33899288089
2026-07-02,107368.2790128809
2026-07-06,110805.7797528809
2026-07-07,105734.54189728091
2026-07-08,106343.95677728091
2026-07-09,108593.93316328092
2026-07-10,108389.85997328091
2026-07-13,106899.23393328092
2026-07-14,108053.52835328093
2026-07-15,108732.47642328091
2026-07-16,109138.87842328091
2026-07-17,107290.51543848093
2026-07-20,106321.35549848092
2026-07-21,105161.88843848092
2026-07-22,104692.59777848094
2026-07-23,106007.80775648092
2026-07-24,105773.15292648094
2026-07-27,105013.16292648093
2026-07-28,105590.67838648093
2026-07-29,103896.10420848093
2026-07-30,105411.58420848093
2026-07-31,106633.58861848094
2026-08-03,110914.48052848094
2026-08-04,112402.68373848093
2026-08-05,112828.16283848094
2026-08-06,112332.96411848094
2026-08-07,114611.44842848094
2026-08-10,113288.88842848095
2026-08-11,115268.43422848094
2026-08-12,114550.53076848095
2026-08-13,114419.43353688096
2026-08-14,114990.39028688095
2026-08-17,114142.17884688095
2026-08-18,115585.82435688096
2026-08-19,115695.43415688096
2026-08-20,113327.04598688097
2026-08-21,115172.51482688096
2026-08-24,114753.04482688096
2026-08-25,115260.27159688096
2026-08-26,115705.33627688097
2026-08-27,114624.46429688098
2026-08-28,114478.01762688096
2026-08-31,114072.36319088096
2026-09-01,113575.71220128097
2026-09-02,114554.01535128099
2026-09-03,115336.76103128098
2026-09-04,113978.45049128098
2026-09-08,113266.22551128098
2026-09-09,112281.75353608099
2026-09-10,112413.06380608097
2026-09-11,111947.84028608097
2026-09-14,113857.87989608098
