date,ticker,gap,entry_time,entry,exit_time,exit,reason,pnl_pct,mfe_pct,shares,dollars,mode,float_m,inst_pct,chart_r,volume_r,float_r,ssr
2026-08-31,MOVE,59.1,09:30,14.38,09:33,14.17,TRAIL,-1.46,5.15,1,14.38,LIVE,,,,,,
2026-08-31,AEHL,51.3,09:34,7.12,09:35,7.12,TRAIL,0.0,8.29,1,7.12,LIVE,,,,,,
2026-08-31,WETO,52.8,09:53,9.15,09:54,9.15,TRAIL,0.0,10.71,1,9.15,LIVE,,,,,,
2026-08-31,ARTL,67.7,10:07,6.12,10:13,5.97,TRAIL,-2.45,6.21,1,6.12,LIVE,,,,,,
2026-08-31,NCRA,57.7,11:25,3.135,11:26,3.135,TRAIL,0.0,12.28,1,3.13,LIVE,,,,,,
2026-09-11,AENT,447.0,12:26,6.375,12:38,6.35,STOP,-0.39,4.78,1,6.38,LIVE,3.34,1.9,4,2,4,0
2026-09-11,TNON,182.8,09:50,7.44,12:38,9.25,TRAIL,24.33,45.7,1,7.44,LIVE,0.85,2.63,3,5,5,0
2026-09-11,DBGI,94.7,09:51,6.28,12:38,5.78,TRAIL,-7.96,13.85,1,6.28,LIVE,0.91,6.73,3,5,5,0
2026-09-14,FTFT,18.8,10:12,4.65,12:52,5.2796,TRAIL,13.54,13.55,1,4.65,LIVE,5.38,0.08,4,1,3,0
2026-09-15,CSAI,12.1,09:30,3.7308,09:38,3.6,TRAIL,-3.51,7.22,1,3.73,LIVE,0.82,7.8,1,1,5,0
2026-09-16,AXTX,10.5,09:33,5.6788,10:23,6.045,TRAIL,6.45,8.83,1,5.68,LIVE,,,1,1,3,0
2026-09-16,ARTL,16.8,09:58,3.87,11:14,3.8805,TRAIL,0.27,5.68,1,3.87,LIVE,0.55,2.38,1,2,5,0
2026-09-16,TGL,12.3,11:43,3.6,11:59,3.735,TRAIL,3.75,9.17,1,3.6,LIVE,1.82,2.26,5,1,5,0
2026-09-16,AEHL,16.3,14:27,8.05,14:38,8.6705,TRAIL,7.71,8.07,1,8.05,LIVE,1.39,0.28,2,1,5,0
2026-09-16,LUXE,13.3,11:10,8.7995,15:09,8.92,TRAIL,1.37,8.76,1,8.8,LIVE,,17.08,1,5,3,0
2026-09-16,HSCS,10.5,09:55,3.675,15:23,3.65,TRAIL,-0.68,6.12,1,3.67,LIVE,3.1,3.94,5,1,4,0
2026-09-17,VEEA,17.0,09:39,7.58,09:50,7.11,STOP,-6.2,5.54,1,7.58,LIVE,1.59,3.35,4,2,5,0
2026-09-17,USDE,16.1,10:25,8.9265,10:31,9.1772,TRAIL,2.81,5.19,1,8.93,LIVE,20.84,1.53,5,1,2,0
2026-09-17,SECZ,15.3,10:13,9.2,11:06,9.38,TRAIL,1.96,4.78,1,9.2,LIVE,139.67,5.74,5,2,1,0
2026-09-17,NBIG,19.3,10:01,15.04,13:12,15.5,TRAIL,3.06,5.45,1,15.04,LIVE,,,1,1,3,0
2026-09-17,IRE,15.8,09:39,10.7793,15:56,10.45,EOD,-3.05,1.58,1,10.78,LIVE,,,3,2,3,0
2026-09-17,AXTX,11.0,09:31,6.82,15:56,6.84,EOD,0.29,3.23,1,6.82,LIVE,,,1,2,3,0
2026-09-17,GLOO,17.7,09:33,4.72,15:56,4.795,EOD,1.59,2.75,1,4.72,LIVE,27.01,15.6,5,5,2,0
2026-09-18,BIAF,11.4,09:31,10.63,09:37,12.07,TRAIL,13.55,8.47,1,10.63,LIVE,0.59,10.25,5,4,5,0
2026-09-18,MEDS,13.6,09:33,5.69,09:40,5.09,STOP,-10.54,0.7,1,5.69,LIVE,1.54,1.62,4,1,5,1
2026-09-18,AKAN,19.4,09:37,3.103,09:41,3.075,TRAIL,-0.9,3.45,1,3.1,LIVE,0.54,0.03,1,4,5,0
2026-09-18,FWDI,11.1,09:33,6.84,10:21,7.082,STOP,3.54,4.39,1,6.84,LIVE,63.61,44.06,5,1,1,0
2026-09-18,ABTC,10.2,09:54,9.795,10:21,9.985,STOP,1.94,1.99,1,9.79,LIVE,23.1,5.0,5,1,2,0
2026-09-18,BMNU,10.6,10:01,19.58,10:21,19.8905,STOP,1.59,2.04,1,19.58,LIVE,,,5,1,3,0
2026-09-18,TAOX,14.9,10:02,4.585,10:21,4.5305,STOP,-1.19,0.55,1,4.58,LIVE,7.31,9.52,5,1,3,0
2026-09-18,MEDS,13.6,10:51,3.66,11:04,3.7322,TRAIL,1.97,6.56,1,3.66,LIVE,1.54,1.62,4,1,5,1
2026-09-18,QMLS,11.9,10:22,6.65,11:04,6.89,TRAIL,3.61,5.26,1,6.65,LIVE,14.1,3.41,4,1,3,0
2026-09-18,CYPH,14.0,10:37,3.47,11:09,3.605,TRAIL,3.89,6.2,1,3.47,LIVE,91.34,13.84,4,1,1,0
2026-09-18,BSEM,14.2,12:39,5.13,13:18,5.155,TRAIL,0.49,6.04,1,5.13,LIVE,12.71,,5,2,3,0
2026-09-18,LGHL,18.0,13:03,8.48,13:19,7.3005,STOP,-13.91,-0.83,1,8.48,LIVE,0.05,3.02,2,1,5,0
2026-09-18,GLOO,13.6,11:01,5.455,15:50,4.88,STOP,-10.54,2.11,1,5.46,LIVE,27.01,15.53,4,4,2,0
2026-09-18,TAOX,14.9,14:36,4.56,15:56,4.47,EOD,-1.97,0.44,1,4.56,LIVE,7.31,9.52,5,1,3,0
2026-09-18,DFDV,11.2,11:02,5.9895,15:56,6.045,EOD,0.93,2.18,1,5.99,LIVE,24.85,13.54,5,1,2,0
2026-09-18,SLE,11.1,12:31,5.1995,15:56,5.015,EOD,-3.55,3.86,1,5.2,LIVE,2.24,10.82,5,1,4,0
2026-09-18,AIAI,13.7,14:15,3.86,15:56,3.54,EOD,-8.29,0.26,1,3.86,LIVE,58.54,20.75,3,1,1,0
