run,n_days,couvre,top1,top1_risque,top1_profit,live_baseline_exp
2026-10-07T16:05:09,7,2026-09-24..2026-10-06,skip open 10:00+,2.0%,20.89,0.651
2026-10-08T12:51:51,8,2026-09-24..2026-10-07,skip open 10:00+,2.0%,16.72,0.41
2026-10-08T13:15:54,8,2026-09-24..2026-10-07,skip open 10:00+,2.0%,16.72,0.41
2026-10-08T13:24:04,8,2026-09-24..2026-10-07,run-up RTH >=2%,2.0%,16.4,0.41
2026-10-08T13:28:03,8,2026-09-24..2026-10-07,run-up RTH >=2%,2.0%,16.4,0.41
2026-10-08T13:30:07,8,2026-09-24..2026-10-07,run-up RTH >=2%,2.0%,16.4,0.41
2026-10-08T13:33:52,8,2026-09-24..2026-10-07,run-up RTH >=2%,2.0%,16.4,0.41
2026-10-08T13:36:21,8,2026-09-24..2026-10-07,run-up RTH >=2%,2.0%,16.4,0.41
2026-10-08T13:37:28,8,2026-09-24..2026-10-07,run-up RTH >=2%,2.0%,16.4,0.41
