Date,Ticker,Gap%,Price,Float,Inst%,PM_Vol,Rel_Vol,PM_High,Catalyst,Sector,Score,Status,Notes
2026-05-29,ASTN,26.2,4.04,,,64.0,,,none,,40,WATCH,
2026-05-29,CLIK,16.4,2.1295,,,69.0,,,none,,40,WATCH,
2026-05-29,CMND,45.3,3.56,,,163.0,,,none,,40,WATCH,
2026-05-29,GMEX,23.2,2.18,,,268.0,,,none,,40,WATCH,
2026-05-29,IOTR,40.0,3.92,,,40.0,,,none,,40,WATCH,
2026-05-29,MASK,16.9,4.83,,,88.0,,,none,,40,WATCH,
2026-05-29,MX,19.3,8.1,,,9.0,,,none,,40,WATCH,
2026-05-29,NEXR,37.9,1.6,,,84.0,,,none,,40,WATCH,
2026-05-29,NOWL,19.0,6.75,,,44.0,,,none,,40,WATCH,
2026-05-29,PD,25.3,9.32,,,2.0,,,none,,40,WATCH,
2026-05-29,PLCE,24.8,5.43,,,10.0,,,none,,40,WATCH,
2026-05-29,PRFX,223.4,4.43,0.79,9.75,220.0,0.29,,earnings,,40,WATCH,
2026-05-29,TOPP,24.7,3.43,,,2.0,,,none,,40,WATCH,
2026-05-29,WNW,34.2,4.24,,,79.0,,,none,,40,WATCH,
2026-06-01,ABTS,39.3,2.98,,,90.0,,,none,,50,WATCH,
2026-06-01,ADBG,12.5,5.58,,,6.0,,,none,,40,WATCH,
2026-06-01,AIIO,30.0,3.08,,,23.0,,,none,,40,WATCH,
2026-06-01,ANY,25.6,5.05,,,32.0,,,none,,50,WATCH,
2026-06-01,ATPC,13.4,5.523,,,4.0,,,none,,40,WATCH,
2026-06-01,BATL,15.9,1.6803,,,12.0,,,none,,40,WATCH,
2026-06-01,CRE,26.5,3.34,,,23.0,,,none,,40,WATCH,
2026-06-01,CRMG,13.1,7.09,,,4.0,,,none,,40,WATCH,
2026-06-01,CRWU,12.0,8.79,,,1.0,,,none,,40,WATCH,
2026-06-01,DBGI,41.9,1.19,,,270.0,,,none,,50,WATCH,
2026-06-01,GNTA,171.8,2.8,,8.7,264.0,3.74,,contract,,40,WATCH,
2026-06-01,GOVX,13.8,2.345,,,3.0,,,none,,40,WATCH,
2026-06-01,HCWB,11.6,2.21,,,9.0,,,none,,40,WATCH,
2026-06-01,HKIT,109.6,3.06,0.66,4.3,69.0,1.9,,news,,40,WATCH,
2026-06-01,HMR,13.8,1.4,,,1.0,,,none,,40,WATCH,
2026-06-01,LSTA,11.1,3.61,,,2.0,,,none,,40,WATCH,
2026-06-01,MASK,30.2,4.66,,,23.0,,,none,,40,WATCH,
2026-06-01,NAMM,45.4,2.21,,,110.0,,,none,,40,WATCH,
2026-06-01,NOWL,16.2,8.48,,,17.0,,,none,,40,WATCH,
2026-06-01,OCG,12.9,2.1,,,9.0,,,none,,40,WATCH,
2026-06-01,OPTU,6.9,1.24,,,1241.0,,,none,,40,WATCH,
2026-06-01,REPL,13.2,9.8364,,,7.0,,,none,,40,WATCH,
2026-06-01,SDOT,27.1,3.47,,,6.0,,,none,,40,WATCH,
2026-06-01,SEGG,12.4,1.9,,,8.0,,,none,,40,WATCH,
2026-06-01,SPCE,23.0,7.6,,,41.0,,,none,,40,WATCH,
2026-06-01,SUUN,16.3,1.78,,,10.0,,,none,,40,WATCH,
2026-06-01,TGHL,4.4,1.41,,,1300.0,,,none,,40,WATCH,
2026-06-01,VCIG,12.5,9.53,,,4.0,,,none,,40,WATCH,
2026-06-01,WALD,13.8,1.4,,,20.0,,,none,,40,WATCH,
2026-06-01,XTIA,11.6,2.0205,,,4.0,,,none,,40,WATCH,
2026-06-02,ABTS,34.1,2.87,,,,,,none,,40,WATCH,
2026-06-02,ANY,13.2,4.55,,,,,,none,,40,WATCH,
2026-06-02,BJDX,46.5,3.18,,,4.0,,,none,,40,WATCH,
2026-06-02,BNRG,5.5,1.54,0.49,2.29,1.0,0.97,,news,,60,WATCH,
2026-06-02,CGTX,10.1,1.3765,,,1.0,,,none,,40,WATCH,
2026-06-02,CTNT,30.2,2.3703,2.96,0.02,,1.56,,contract,,40,WATCH,
2026-06-02,DAIC,28.0,5.81,,,6.0,,,none,,40,WATCH,
2026-06-02,DBGI,19.8,1.005,,,,,,none,,40,WATCH,
2026-06-02,DXST,78.7,2.86,1.22,0.9,,1.4,,contract,,40,WATCH,
2026-06-02,GMEX,11.3,1.28,,,,,,none,,40,WATCH,
2026-06-02,GXAI,78.1,2.1192,9.59,6.82,346.0,0.04,,news,,40,WATCH,
2026-06-02,LAC,10.5,6.09,,,2.0,,,none,,40,WATCH,
2026-06-02,LASE,41.2,1.3098,,,60.0,,,none,,40,WATCH,
2026-06-02,LOBO,34.6,1.1303,,,51.0,,,none,,40,WATCH,
2026-06-02,MSTZ,5.8,7.15,,,10.0,1.04,,news,,40,WATCH,
2026-06-02,OSTX,13.4,2.12,,,4.0,,,none,,40,WATCH,
2026-06-02,QUCY,26.0,2.81,,,12.0,,,none,,40,WATCH,
2026-06-02,RDGT,11.9,2.0595,,,35.0,,,none,,40,WATCH,
2026-06-02,RKTO,12.7,1.51,,,,,,none,,40,WATCH,
2026-06-02,SBFM,20.5,2.88,,,45.0,,,none,,40,WATCH,
2026-06-02,SDST,16.2,2.58,,,9.0,,,none,,40,WATCH,
2026-06-02,STAK,23.1,1.2,,,2.0,,,none,,40,WATCH,
2026-06-02,VSA,71.0,7.32,0.61,0.08,,0.21,,offering,,40,WATCH,
2026-06-02,YHC,13.5,1.01,,,2.0,,,none,,40,WATCH,
2026-06-02,ZJYL,11.9,2.73,,,6.0,,,none,,40,WATCH,
2026-06-02,ZNB,26.0,2.23,,,,,,none,,40,WATCH,
2026-06-03,ASTN,10.1,3.92,,,12.0,,,none,,40,WATCH,
2026-06-03,BNRG,18.5,1.6,,,2.0,,,none,,40,WATCH,
2026-06-03,CHSN,20.5,1.35,,,10.0,,,none,,40,WATCH,
2026-06-03,CISS,11.4,2.45,,,21.0,,,none,,40,WATCH,
2026-06-03,CNTB,14.0,2.45,,,1.0,,,none,,40,WATCH,
2026-06-03,DGXX,10.7,8.7,,,13.0,,,none,,40,WATCH,
2026-06-03,FEED,13.8,1.03,,,24.0,,,none,,40,WATCH,
2026-06-03,GMEU,20.8,9.29,,,1.0,1.16,,none,,40,WATCH,
2026-06-03,HTCO,13.4,3.31,,,1.0,,,none,,40,WATCH,
2026-06-03,KUST,27.3,3.03,,,2.0,,,none,,40,WATCH,
2026-06-03,LASE,42.1,3.44,,,49.0,,,none,,50,WATCH,
2026-06-03,MSAI,25.9,6.86,,,64.0,,,none,,40,WATCH,
2026-06-03,NCT,22.1,3.65,,,24.0,,,none,,40,WATCH,
2026-06-03,ORBS,11.1,1.0,338.19,23.42,29.0,0.89,,none,,40,WATCH,
2026-06-03,RNAZ,13.2,5.99,,,8.0,,,none,,40,WATCH,
2026-06-03,RZLT,11.0,4.44,,,1.0,,,none,,40,WATCH,
2026-06-03,SDOT,49.1,4.89,,,52.0,,,none,,40,WATCH,
2026-06-03,TOPS,12.6,1.25,,,28.0,,,none,,40,WATCH,
2026-06-03,WCT,96.7,1.81,0.85,0.02,21.0,6.56,,none,,50,WATCH,
2026-06-03,XOS,212.1,6.96,5.49,4.29,37.0,37.91,,earnings,,60,WATCH,
2026-06-03,YMAT,29.7,1.18,2.04,0.21,84.0,1.16,,news,,40,WATCH,
2026-06-03,ZENA,16.0,1.74,,,39.0,,,none,,40,WATCH,
2026-06-04,ACCL,15.5,1.71,,,5.0,,,none,,40,WATCH,
2026-06-04,AUUD,21.2,1.66,,,27.0,,,none,,40,WATCH,
2026-06-04,AVS,15.0,7.44,,,1.0,,,none,,40,WATCH,
2026-06-04,BAOS,12.5,3.6547,,,8.0,,,none,,40,WATCH,
2026-06-04,BTQ,10.4,4.68,,,1.0,,,none,,40,WATCH,
2026-06-04,EDHL,41.8,3.7,,,153.0,,,none,,40,WATCH,
2026-06-04,FOFO,11.4,7.34,,,1.0,,,none,,40,WATCH,
2026-06-04,FOXX,43.4,4.1,0.99,11.36,14.0,550.3,,none,,40,WATCH,
2026-06-04,GRAN,25.6,1.23,,,13.0,,,none,,40,WATCH,
2026-06-04,IONZ,10.4,2.2296,,,12.0,,,none,,40,WATCH,
2026-06-04,IOTR,12.4,4.18,,,6.0,,,none,,40,WATCH,
2026-06-04,IREZ,12.8,5.38,,,2.0,,,none,,40,WATCH,
2026-06-04,RGTZ,11.7,3.44,,,15.0,,,none,,40,WATCH,
2026-06-04,RPGL,21.5,3.68,,,2.0,,,none,,40,WATCH,
2026-06-04,SMCZ,13.6,6.52,,,2.0,,,none,,40,WATCH,
2026-06-04,SNDQ,11.1,5.51,,,11.0,,,none,,40,WATCH,
2026-06-04,SOXS,12.4,5.52,,,194.0,,,none,,50,WATCH,
2026-06-04,SUGP,20.5,1.41,,,19.0,,,none,,40,WATCH,
2026-06-04,TLYS,11.9,4.97,,,1.0,,,none,,40,WATCH,
2026-06-04,TWAV,43.0,2.03,3.04,7.32,70.0,0.13,,news,,40,WATCH,
2026-06-08,ABAT,29.9,4.04,,,130.0,,,none,,40,WATCH,
2026-06-08,BATL,33.3,1.76,17.9,18.69,269.0,0.2,,none,,60,WATCH,
2026-06-08,BITU,11.2,9.71,,,7.0,,,none,,40,WATCH,
2026-06-08,CBRG,12.1,6.32,,,1.0,,,none,,40,WATCH,
2026-06-08,ELAB,12.3,1.73,,,4.0,,,none,,40,WATCH,
2026-06-08,ETHT,14.3,8.88,,,2.0,,,none,,40,WATCH,
2026-06-08,FEBO,31.0,1.1001,,,3.0,,,none,,40,WATCH,
2026-06-08,FRSX,32.4,2.4898,,,133.0,,,none,,40,WATCH,
2026-06-08,GLXG,11.3,1.235,,,42.0,,,none,,40,WATCH,
2026-06-08,GMHS,62.0,1.52,9.76,0.11,124.0,1314.96,,news,,60,WATCH,
2026-06-08,IPWR,12.8,6.8,,,1.0,,,none,,40,WATCH,
2026-06-08,IQST,20.1,1.16,,,2.0,,,none,,40,WATCH,
2026-06-08,LASE,10.0,3.4113,,,19.0,,,none,,40,WATCH,
2026-06-08,LXEH,46.9,1.91,,,84.0,,,none,,40,WATCH,
2026-06-08,MSTU,11.1,3.79,,,63.0,,,none,,40,WATCH,
2026-06-08,NEXR,42.1,1.7199,,,27.0,,,none,,40,WATCH,
2026-06-08,NYXH,10.3,1.5995,,,2.0,,,none,,40,WATCH,
2026-06-08,QTEX,27.5,1.81,,,111.0,,,none,,40,WATCH,
2026-06-08,STTK,14.6,5.25,,,2.0,,,none,,40,WATCH,
2026-06-08,SUNE,109.7,2.37,3.3,10.8,350.0,0.06,,contract,,40,WATCH,
2026-06-08,VLN,11.4,2.35,,,3.0,,,none,,40,WATCH,
2026-06-08,XXRP,12.1,2.68,,,2.0,,,none,,40,WATCH,
2026-06-09,ABTS,12.4,1.36,,,4.0,,,none,,40,WATCH,
2026-06-09,AHMA,47.2,1.59,,,6.0,,,none,,40,WATCH,
2026-06-09,AIIO,8.5,2.9301,13.7,0.22,7.0,0.11,,none,,50,WATCH,
2026-06-09,AMPG,10.3,7.2488,,,1.0,,,none,,40,WATCH,
2026-06-09,ATPC,24.3,3.79,,,7.0,,,none,,40,WATCH,
2026-06-09,BNRG,14.8,1.55,0.49,2.29,3.0,0.21,,none,,40,WATCH,
2026-06-09,BTCT,12.9,1.31,,,16.0,,,none,,40,WATCH,
2026-06-09,CCTG,200.5,1.44,3.01,2.09,118.0,129.75,,none,,50,WATCH,
2026-06-09,CHAI,584.1,5.61,18.3,0.58,127.0,166.98,,earnings,,70,WATCH,
2026-06-09,DAIC,17.3,2.65,,,116.0,,,none,,40,WATCH,
2026-06-09,DUO,34.2,1.18,,,6.0,,,none,,40,WATCH,
2026-06-09,ELPW,42.7,1.1,,,94.0,,,offering,,50,WATCH,
2026-06-09,EPSM,18.5,1.41,,,17.0,,,none,,40,WATCH,
2026-06-09,FCHL,33.6,1.47,,,10.0,,,none,,40,WATCH,
2026-06-09,FRSX,14.3,1.6,,,1.0,,,none,,40,WATCH,
2026-06-09,GMEX,26.8,1.13,,,267.0,,,none,,40,WATCH,
2026-06-09,INDP,10.5,2.32,,,3.0,,,none,,40,WATCH,
2026-06-09,JEM,33.3,2.18,,,11.0,,,none,,40,WATCH,
2026-06-09,JZXN,50.0,1.89,,,281.0,,,none,,40,WATCH,
2026-06-09,LXEH,11.6,1.35,,,4.0,,,none,,40,WATCH,
2026-06-09,MTEN,14.9,2.23,0.84,3.02,77.0,127.48,,contract,,40,WATCH,
2026-06-09,OCG,25.0,2.25,,,22.0,,,none,,40,WATCH,
2026-06-09,QTEX,17.7,1.6602,,,89.0,,,none,,40,WATCH,
2026-06-09,RDGT,11.7,1.62,0.88,0.21,2.0,2.4,,none,,50,WATCH,
2026-06-09,RGNT,310.2,5.25,2.48,16.38,127.0,3.24,,analyst,,60,WATCH,
2026-06-09,RNAC,22.9,7.2,,,3.0,,,none,,40,WATCH,
2026-06-09,RPGL,27.5,2.83,,,5.0,,,none,,40,WATCH,
2026-06-09,STAK,20.2,6.1682,,,3.0,,,offering,,40,WATCH,
2026-06-09,SUNE,20.1,7.06,,,44.0,,,none,,40,WATCH,
2026-06-09,UCL,12.2,1.206,,,1.0,,,none,,40,WATCH,
2026-06-09,UPC,13.8,4.13,,,4.0,,,none,,40,WATCH,
2026-06-09,VCIG,10.5,4.95,,,1.0,,,none,,40,WATCH,
2026-06-09,VNET,8.2,9.6,,,3.0,,,none,,40,WATCH,
2026-06-09,ZTG,16.9,2.97,,,9.0,,,none,,40,WATCH,
2026-06-10,AZI,13.0,2.09,,,19.0,,,none,,40,WATCH,
2026-06-10,BGLC,9.0,2.37,,,12.0,,,none,,50,WATCH,
2026-06-10,BQ,20.9,1.0,2.8,0.88,177.0,7.6,,none,,40,WATCH,
2026-06-10,CHNR,28.3,5.48,,,27.0,,,none,,40,WATCH,
2026-06-10,CHOW,216.3,1.105,10.76,0.29,198.0,10.58,,none,,50,WATCH,
2026-06-10,CHR,23.2,2.39,,,6.0,,,none,,40,WATCH,
2026-06-10,CHSN,13.0,1.39,,,110.0,,,none,,40,WATCH,
2026-06-10,CIIT,292.5,4.71,1.27,1.22,116.0,0.23,,news,,40,WATCH,
2026-06-10,CLIK,26.5,1.9224,,,10.0,,,none,,40,WATCH,
2026-06-10,CLWT,26.6,1.62,,,177.0,,,none,,40,WATCH,
2026-06-10,CTNT,18.7,2.28,,,4.0,,,none,,40,WATCH,
2026-06-10,CUPR,22.2,2.9094,,,9.0,,,none,,40,WATCH,
2026-06-10,DOGZ,11.6,1.06,,,11.0,,,none,,40,WATCH,
2026-06-10,EDHL,19.4,3.7,,,4.0,,,none,,40,WATCH,
2026-06-10,GMEX,24.8,1.03,,,41.0,,,none,,40,WATCH,
2026-06-10,HAO,17.6,1.15,,,4.0,,,none,,40,WATCH,
2026-06-10,HCAI,14.3,7.9997,,,6.0,,,none,,40,WATCH,
2026-06-10,HWH,46.9,1.8,1.51,0.82,72.0,2.27,,offering,,40,WATCH,
2026-06-10,ILAG,18.5,4.42,,,17.0,,,none,,40,WATCH,
2026-06-10,KIDZ,44.1,3.43,,,55.0,,,none,,40,WATCH,
2026-06-10,LBGJ,27.0,1.55,,,2.0,,,none,,40,WATCH,
2026-06-10,MSW,55.3,2.05,4.56,0.94,81.0,34.36,,none,,60,WATCH,
2026-06-10,MTEN,18.3,1.7984,,,8.0,,,none,,40,WATCH,
2026-06-10,NVNI,22.0,1.22,,,53.0,,,none,,40,WATCH,
2026-06-10,PAVS,12.7,1.15,0.99,0.01,86.0,159.79,,none,,40,WATCH,
2026-06-10,PETZ,11.5,1.36,,,3.0,,,none,,40,WATCH,
2026-06-10,QH,24.3,4.25,,,53.0,,,none,,40,WATCH,
2026-06-10,SMCZ,24.1,9.11,,,2.0,,,none,,40,WATCH,
2026-06-10,SOXS,9.8,6.51,,,512.0,,,none,,40,WATCH,
2026-06-10,SPHL,31.3,4.3191,,,6.0,,,none,,40,WATCH,
2026-06-10,STAK,20.4,6.8,,,1.0,,,none,,40,WATCH,
2026-06-10,WCT,26.8,1.6609,0.85,0.02,97.0,0.25,,news,,40,WATCH,
2026-06-10,XOS,17.3,4.2,,,3.0,,,none,,40,WATCH,
2026-06-11,CCHH,222.3,1.115,4.14,1.33,128.0,16.07,,none,,60,WATCH,
2026-06-11,CLOV,7.4,5.25,,,1.0,,,earnings,,50,WATCH,
2026-06-11,CPOP,8.6,1.6507,,,25.0,,,none,,60,WATCH,
2026-06-11,DAIC,14.6,2.12,,,4.0,,,none,,40,WATCH,
2026-06-11,DTSS,13.7,1.08,,,2.0,,,none,,40,WATCH,
2026-06-11,ELAB,15.6,1.6299,,,4.0,,,contract,,40,WATCH,
2026-06-11,GLXG,372.3,4.61,1.71,0.4,133.0,0.7,,contract,,40,WATCH,
2026-06-11,GNTA,12.1,1.85,,,1.0,,,none,,40,WATCH,
2026-06-11,KMRK,14.0,2.12,,,69.0,,,none,,40,WATCH,
2026-06-11,LRHC,36.6,1.475,,,7.0,,,none,,40,WATCH,
2026-06-11,MSTU,6.5,3.28,,,19.0,,,news,,40,WATCH,
2026-06-11,MTEN,14.6,1.9596,,,2.0,,,none,,40,WATCH,
2026-06-11,NCT,18.8,3.54,,,38.0,,,none,,40,WATCH,
2026-06-11,RBNE,11.2,1.19,,,32.0,,,none,,60,WATCH,
2026-06-11,RKDA,22.9,1.11,,,32.0,,,none,,70,WATCH,
2026-06-11,TMDE,15.4,1.0502,,,29.0,,,none,,40,WATCH,
2026-06-11,UCAR,10.2,1.3337,,,4.0,,,none,,40,WATCH,
2026-06-11,WHLR,41.8,1.31,,,49.0,,,none,,40,WATCH,
2026-06-11,ZNB,23.3,1.59,,,81.0,,,none,,40,WATCH,
2026-06-22,CDT,36.3,1.39,1.63,0.0,284.0,266.49,,news,,40,WATCH,
2026-06-22,CRMT,42.9,3.43,,,1.0,,,none,,40,WATCH,
2026-06-22,ECX,10.4,1.17,,,28.0,,,none,,40,WATCH,
2026-06-22,GETY,162.8,1.59,84.98,13.46,176.0,2.15,,earnings,,40,WATCH,
2026-06-22,GNTA,16.1,1.95,,,4.0,,,none,,40,WATCH,
2026-06-22,ICCM,26.5,6.83,,,4.0,,,none,,40,WATCH,
2026-06-22,KEEL,11.1,6.9899,,,27.0,,,none,,40,WATCH,
2026-06-22,LFS,10.8,2.35,,,21.0,,,none,,40,WATCH,
2026-06-22,NIXX,10.4,1.2913,,,56.0,,,none,,40,WATCH,
2026-06-22,PLBY,10.3,1.6,,,1.0,,,none,,40,WATCH,
2026-06-22,QTEX,12.0,2.2504,42.6,14.69,22.0,1.69,,none,,40,WATCH,
2026-06-22,QXL,15.0,7.3,,,1.0,,,none,,80,WATCH,
2026-06-22,RGNX,14.1,8.9,,,9.0,,,none,,40,WATCH,
2026-06-22,SKYQ,37.6,1.61,,,155.0,,,none,,50,WATCH,
2026-06-22,SPHL,11.2,2.814,,,3.0,,,none,,40,WATCH,
2026-06-22,SUGP,23.5,1.26,,,73.0,,,none,,40,WATCH,
2026-06-22,WHLR,12.4,3.9,,,1.0,,,none,,40,WATCH,
2026-06-23,AIXI,25.2,3.83,,,17.0,,,none,,40,WATCH,
2026-06-23,ASTN,10.2,7.8,,,3.0,,,none,,40,WATCH,
2026-06-23,BLZE,19.2,9.68,56.63,48.55,20.0,0.53,,none,,40,WATCH,
2026-06-23,CCTG,30.0,1.04,,,10.0,,,none,,40,WATCH,
2026-06-23,CORD,15.3,5.19,,,2.0,,,none,,40,WATCH,
2026-06-23,DAMD,15.3,1.88,,,8.0,,,none,,40,WATCH,
2026-06-23,GITS,26.4,1.908,,,156.0,,,none,,40,WATCH,
2026-06-23,HAO,22.3,1.37,,,2.0,,,none,,40,WATCH,
2026-06-23,ICCM,12.0,6.6387,,,27.0,,,none,,40,WATCH,
2026-06-23,IONR,14.3,4.4,,,2.0,,,none,,40,WATCH,
2026-06-23,IREZ,11.9,6.04,,,5.0,,,none,,40,WATCH,
2026-06-23,NBIZ,19.4,8.06,,,3.0,,,none,,40,WATCH,
2026-06-23,ORIS,27.3,3.08,,,26.0,,,none,,40,WATCH,
2026-06-23,RDGT,49.6,2.05,,,405.0,,,none,,40,WATCH,
2026-06-23,RKLZ,11.9,3.38,,,7.0,,,none,,40,WATCH,
2026-06-23,SMCZ,12.7,7.27,,,3.0,,,none,,40,WATCH,
2026-06-23,SNDQ,22.1,3.21,,,66.0,,,none,,40,WATCH,
2026-06-23,SOXS,19.7,3.95,,,876.0,,,none,,50,WATCH,
2026-06-23,SUGP,19.1,1.09,0.47,0.65,27.0,2.68,,none,,40,WATCH,
2026-06-23,TDIC,29.4,7.83,,,5.0,,,none,,40,WATCH,
2026-06-23,TECS,10.4,6.79,,,4.0,,,none,,40,WATCH,
2026-06-23,UVIX,10.1,3.61,,,15.0,,,news,,40,WATCH,
2026-06-23,VTAK,33.4,1.16,1.97,3.78,82.0,110.16,,fda,,40,WATCH,
2026-07-01,ALZN,10.8,1.33,,,11.0,,,none,,40,WATCH,
2026-07-01,ATLN,12.0,1.03,,,78.0,,,none,,40,WATCH,
2026-07-01,BTOG,11.2,1.39,,,30.0,,,none,,50,WATCH,
2026-07-01,CANF,48.1,4.4,,,207.0,,,none,,40,WATCH,
2026-07-01,CORD,20.2,6.6,,,6.0,,,none,,40,WATCH,
2026-07-01,DXST,24.2,2.57,,,20.0,,,none,,40,WATCH,
2026-07-01,ELAB,11.6,1.35,,,200.0,,,none,,40,WATCH,
2026-07-01,HUBC,10.1,1.8492,,,13.0,,,merger,,50,WATCH,
2026-07-01,KUST,14.8,1.2399,,,55.0,,,none,,40,WATCH,
2026-07-01,NBIZ,22.4,8.21,,,3.0,,,none,,40,WATCH,
2026-07-01,NOWL,10.1,4.81,,,18.0,,,none,,40,WATCH,
2026-07-01,OKLL,11.6,5.48,,,18.0,,,none,,40,WATCH,
2026-07-01,QTEX,18.1,1.7003,,,34.0,,,none,,40,WATCH,
2026-07-01,SNDQ,15.6,2.255,,,33.0,,,none,,40,WATCH,
2026-07-01,SOC,24.4,3.83,,,4.0,,,none,,40,WATCH,
2026-07-01,SOXS,9.9,3.56,,,689.0,,,none,,40,WATCH,
2026-07-01,TONX,17.3,2.99,,,1.0,,,none,,40,WATCH,
2026-07-01,UPC,14.1,6.96,,,3.0,,,none,,40,WATCH,
2026-07-01,VMAR,11.1,2.1,,,2.0,,,none,,40,WATCH,
2026-07-02,AHMA,15.5,2.53,,,51.0,,,none,,40,WATCH,
2026-07-02,AUID,10.4,1.27,,,82.0,,,news,,50,WATCH,
2026-07-02,AVXX,10.1,8.19,,,1.0,,,none,,40,WATCH,
2026-07-02,CAST,10.1,5.3511,,,1.0,,,none,,40,WATCH,
2026-07-02,CETX,19.3,3.34,,,158.0,,,none,,40,WATCH,
2026-07-02,CLRO,18.3,3.81,,,56.0,,,none,,40,WATCH,
2026-07-02,DSY,48.6,4.28,,,112.0,,,none,,40,WATCH,
2026-07-02,JEM,16.5,3.74,,,16.0,,,none,,40,WATCH,
2026-07-02,MSTU,13.0,2.09,,,45.0,,,none,,40,WATCH,
2026-07-02,MSTX,11.8,9.54,,,6.0,,,none,,40,WATCH,
2026-07-02,PPCB,18.8,1.71,,,54.0,,,none,,40,WATCH,
2026-07-02,SDEV,22.1,1.2703,,,29.0,,,none,,40,WATCH,
2026-07-02,SOXS,5.2,4.06,,,581.0,,,none,,40,WATCH,
2026-07-02,SRFM,12.5,1.17,,,96.0,,,none,,40,WATCH,
2026-07-02,WHLR,10.2,1.0903,,,230.0,,,none,,40,WATCH,
2026-07-02,YRD,20.9,1.09,,,23.0,,,none,,40,WATCH,
2026-07-07,AMPG,11.5,6.6,,,14.0,,,none,,40,WATCH,
2026-07-07,BJDX,24.1,1.44,,,77.0,,,none,,40,WATCH,
2026-07-07,CLRO,23.6,8.65,,,20.0,,,none,,40,WATCH,
2026-07-07,CMND,19.2,2.79,,,16.0,,,none,,40,WATCH,
2026-07-07,CRE,28.4,3.53,,,12.0,,,none,,40,WATCH,
2026-07-07,EDHL,21.2,4.8,,,8.0,,,none,,40,WATCH,
2026-07-07,JLHL,11.7,4.12,,,1.0,,,none,,50,WATCH,
2026-07-07,SILO,15.6,7.19,,,14.0,,,none,,40,WATCH,
2026-07-07,SKYQ,17.9,2.5,,,24.0,,,none,,40,WATCH,
2026-07-07,SNDQ,11.6,3.37,,,69.0,,,none,,40,WATCH,
2026-07-07,SOXS,12.7,4.7,,,441.0,,,none,,50,WATCH,
2026-07-07,SPHL,10.8,3.28,,,6.0,,,none,,40,WATCH,
2026-07-07,SUGP,31.0,1.0809,,,142.0,,,none,,50,WATCH,
2026-07-07,TDIC,20.3,4.32,,,30.0,,,contract,,40,WATCH,
2026-07-07,VANI,16.2,1.51,,,42.0,,,none,,40,WATCH,
2026-07-08,ASTN,10.9,5.8,,,3.0,,,none,,40,WATCH,
2026-07-08,AVXX,11.3,7.2,,,1.0,,,none,,40,WATCH,
2026-07-08,BATL,25.3,2.23,,,41.0,,,none,,40,WATCH,
2026-07-08,BNRG,12.4,1.09,,,5.0,,,none,,40,WATCH,
2026-07-08,DCX,18.6,1.21,,,69.0,,,contract,,40,WATCH,
2026-07-08,IONZ,5.7,3.64,,,12.0,,,none,,40,WATCH,
2026-07-08,IOTR,35.3,3.4102,,,61.0,,,none,,40,WATCH,
2026-07-08,LHAI,12.4,1.45,,,64.0,,,none,,40,WATCH,
2026-07-08,LUCY,34.7,1.7109,,,3.0,,,none,,40,WATCH,
2026-07-08,NCRA,11.0,2.2199,,,81.0,,,none,,40,WATCH,
2026-07-08,SHPH,13.2,3.69,,,5.0,,,none,,40,WATCH,
2026-07-08,SKYQ,18.2,3.5474,,,13.0,,,none,,40,WATCH,
2026-07-08,SNDQ,10.4,3.82,,,152.0,,,none,,40,WATCH,
2026-07-08,SOXS,5.2,5.05,,,548.0,,,none,,40,WATCH,
2026-07-08,TC,16.1,2.38,,,4.0,,,none,,40,WATCH,
2026-07-08,VEEE,12.6,6.34,,,2.0,,,none,,40,WATCH,
2026-07-08,VTAK,48.7,1.0601,,,369.0,,,none,,40,WATCH,
2026-07-08,WFF,27.1,2.58,,,1.0,,,none,,40,WATCH,
2026-07-09,AAOG,11.4,4.51,,,1.0,,,none,,40,WATCH,
2026-07-09,AP,11.4,7.99,,,1.0,,,none,,40,WATCH,
2026-07-09,BJDX,10.4,1.48,,,33.0,,,fda,,40,WATCH,
2026-07-09,CBRG,11.2,4.27,,,2.0,,,none,,40,WATCH,
2026-07-09,ENVX,11.3,5.71,,,2.0,,,none,,40,WATCH,
2026-07-09,GMEX,13.7,2.57,,,2.0,,,none,,40,WATCH,
2026-07-09,HOUR,7.3,2.1833,,,1.0,,,analyst,,40,WATCH,
2026-07-09,IOTR,8.5,3.8426,,,3.0,,,fda,,40,WATCH,
2026-07-09,JLHL,16.7,3.57,,,2.0,,,none,,40,WATCH,
2026-07-09,LUCY,10.7,1.185,,,3.0,,,none,,50,WATCH,
2026-07-09,MGIH,7.4,1.59,,,1.0,,,news,,40,WATCH,
2026-07-09,PMA,29.6,1.62,,,10.0,,,none,,40,WATCH,
2026-07-09,RKTO,39.6,1.12,,,220.0,,,none,,40,WATCH,
2026-07-09,RPGL,32.6,2.36,,,50.0,,,none,,40,WATCH,
2026-07-09,SMCX,4.7,8.48,,,3.0,,,analyst,,40,WATCH,
2026-07-09,SRXH,12.4,2.215,,,37.0,,,none,,40,WATCH,
2026-07-09,SUNE,13.7,2.4,,,8.0,,,none,,40,WATCH,
2026-07-09,TDTH,10.9,2.0303,,,23.0,,,none,,40,WATCH,
2026-07-09,USDE,6.4,2.16,,,4.0,,,none,,40,WATCH,
2026-07-09,VMAR,18.0,1.51,,,17.0,,,none,,40,WATCH,
2026-07-09,WRAP,11.9,1.78,,,2.0,,,none,,40,WATCH,
2026-07-10,BJDX,5.7,1.4798,,,6.0,,,fda,,40,WATCH,
2026-07-10,BNC,5.8,2.93,,,1.0,,,contract,,40,WATCH,
2026-07-10,BTQ,5.0,4.0,,,2.0,,,fda,,40,WATCH,
2026-07-10,CCUP,24.2,1.8508,,,5.0,,,none,,40,WATCH,
2026-07-10,CDZI,7.7,4.2991,,,2.0,,,earnings,,40,WATCH,
2026-07-10,CHSN,23.1,1.28,,,1.0,,,fda,,50,WATCH,
2026-07-10,CONL,9.3,5.38,,,3.0,,,news,,40,WATCH,
2026-07-10,CRCG,15.3,9.9,,,3.0,,,none,,40,WATCH,
2026-07-10,CRE,14.8,3.34,,,8.0,,,merger,,50,WATCH,
2026-07-10,ELAB,20.8,1.28,,,21.0,,,fda,,50,WATCH,
2026-07-10,ETHT,6.2,9.63,,,1.0,,,news,,40,WATCH,
2026-07-10,HAO,33.6,1.43,,,1.0,,,news,,50,WATCH,
2026-07-10,INUV,4.4,1.1383,,,3.0,,,earnings,,40,WATCH,
2026-07-10,LUCY,5.6,1.13,,,65.0,,,news,,40,WATCH,
2026-07-10,MSTU,8.6,2.0099,,,13.0,,,news,,40,WATCH,
2026-07-10,MSTX,8.4,9.2,,,2.0,,,news,,40,WATCH,
2026-07-10,PERF,9.8,1.91,,,1.0,,,contract,,40,WATCH,
2026-07-10,PMA,14.0,1.47,,,11.0,,,contract,,50,WATCH,
2026-07-10,QTEX,4.4,1.6703,,,22.0,,,contract,,40,WATCH,
2026-07-10,SOXS,4.2,4.24,,,247.0,,,earnings,,40,WATCH,
2026-07-10,TKLF,6.1,2.25,,,18.0,,,contract,,40,WATCH,
2026-07-10,WNW,6.9,3.55,,,2.0,,,offering,,40,WATCH,
2026-07-10,WOK,17.3,2.37,,,34.0,,,news,,50,WATCH,
2026-07-10,ZCMD,7.9,2.18,,,19.0,,,offering,,40,WATCH,
2026-07-13,AGEN,46.9,4.92,,,244.0,,,fda,,50,WATCH,
2026-07-13,AIIO,4.9,3.5,,,1.0,,,merger,,40,WATCH,
2026-07-13,BATL,5.1,1.66,,,44.0,,,contract,,40,WATCH,
2026-07-13,EHGO,26.8,2.08,,,168.0,,,offering,,50,WATCH,
2026-07-13,IONZ,4.7,4.0,,,4.0,,,news,,40,WATCH,
2026-07-13,IREZ,6.0,9.2,,,1.0,,,earnings,,40,WATCH,
2026-07-13,LGPS,33.6,1.11,,,39.0,,,news,,50,WATCH,
2026-07-13,MIMI,33.0,2.86,,,219.0,,,news,,50,WATCH,
2026-07-13,NBIZ,6.3,9.77,,,1.0,,,earnings,,40,WATCH,
2026-07-13,PLSM,33.4,5.15,,,183.0,,,contract,,50,WATCH,
2026-07-13,SKYQ,17.9,3.75,,,23.0,,,news,,50,WATCH,
2026-07-13,SNDQ,12.0,2.66,,,215.0,,,none,,40,WATCH,
2026-07-13,SOXS,9.3,4.46,,,497.0,,,earnings,,50,WATCH,
2026-07-13,TDIC,14.4,4.21,,,29.0,,,contract,,50,WATCH,
2026-07-13,TECS,4.7,6.86,,,2.0,,,earnings,,40,WATCH,
2026-07-13,TPST,5.9,1.03,,,2.0,,,fda,,40,WATCH,
2026-08-21,ADXN,26.9,5.8,,,62.0,,,none,,40,WATCH,
2026-08-21,BIVI,14.0,2.12,,,42.0,,,none,,40,WATCH,
2026-08-21,BRNX,16.1,3.7154,,,6.0,,,none,,40,WATCH,
2026-08-21,COIG,10.1,5.79,,,1.0,,,none,,40,WATCH,
2026-08-21,CONL,10.0,5.92,,,76.0,,,none,,40,WATCH,
2026-08-21,CYPH,12.6,1.34,,,6.0,,,none,,40,WATCH,
2026-08-21,MSTU,14.4,2.78,,,233.0,,,none,,40,WATCH,
2026-08-21,NCTY,11.7,4.87,,,3.0,,,none,,40,WATCH,
2026-08-21,SDEV,14.3,1.2797,,,40.0,,,none,,40,WATCH,
2026-08-21,SUGP,36.6,3.79,,,203.0,,,none,,40,WATCH,
2026-08-21,USDE,31.3,5.2502,,,79.0,,,none,,40,WATCH,
2026-08-21,VIVK,11.9,1.22,,,40.0,,,none,,40,WATCH,
2026-08-21,XRPI,11.3,7.49,,,1.0,,,none,,40,WATCH,
2026-08-24,BRNX,10.5,4.12,,,2.0,,,none,,40,WATCH,
2026-08-24,BTCT,44.6,1.6479,,,43.0,,,none,,40,WATCH,
2026-08-24,CAPR,10.2,6.93,,,4.0,,,none,,40,WATCH,
2026-08-24,CYPH,31.0,1.86,,,10.0,,,none,,40,WATCH,
2026-08-24,DXST,18.3,2.98,,,8.0,,,none,,40,WATCH,
2026-08-24,GOAI,13.5,2.53,,,1.0,,,none,,40,WATCH,
2026-08-24,HCWB,13.3,2.47,,,1.0,,,none,,40,WATCH,
2026-08-24,LITZ,10.2,9.95,,,2.0,,,none,,40,WATCH,
2026-08-24,OLOX,14.4,2.39,,,42.0,,,none,,40,WATCH,
2026-08-24,PMI,39.6,4.48,,,30.0,,,none,,40,WATCH,
2026-08-24,PUSA,15.7,3.97,,,1.0,,,contract,,40,WATCH,
2026-08-24,SDEV,11.8,1.275,,,21.0,,,none,,40,WATCH,
2026-08-24,SUGP,16.9,1.87,,,24.0,,,none,,40,WATCH,
2026-08-24,SUIG,11.0,1.21,,,3.0,,,none,,40,WATCH,
2026-08-24,TMCR,10.8,6.78,,,2.0,,,none,,40,WATCH,
2026-09-03,AEHL,30.2,7.07,,,35.0,,,news,,50,WATCH,
2026-09-03,CHPT,17.3,6.09,,,1.0,,,news,,50,WATCH,
2026-09-03,DAIC,11.0,3.3799,,,18.0,,,none,,40,WATCH,
2026-09-03,DLTH,17.1,4.24,,,16.0,,,earnings,,50,WATCH,
2026-09-03,GYGY,15.0,1.9898,,,27.0,,,none,,40,WATCH,
2026-09-03,NYXH,11.9,1.69,,,17.0,,,none,,40,WATCH,
2026-09-03,TLYS,32.5,5.05,,,11.0,,,earnings,,50,WATCH,
2026-09-03,WOOF,16.0,3.05,,,1.0,,,none,,40,WATCH,
