logged_at,ticker,candle,o,h,l,c,v,prev_close,hod,gap,retrace,capit_ratio,pb_dvol,n_bars,decision,mode
09:31:18,HUCK,09:30,3.08,3.13,3.08,3.13,25828,3.11,3.4109,9.68,8.24,0,80841,261,SKIP-illiquide-81K,LIVE
09:31:22,VEEE,09:30,10.41,10.41,9.91,9.91,2173,10.35,11.0,6.28,9.91,6.91,65605,150,SKIP-illiquide-66K,LIVE
09:31:23,PBM,09:30,4.88,4.88,4.88,4.88,996,4.88,5.32,9.02,8.27,0,4860,146,SKIP-illiquide-5K,LIVE
09:32:29,NFE,09:31,4.96,4.97,4.83,4.86,10232,4.96,5.3,6.85,8.3,0,74593,331,SKIP-illiquide-75K,LIVE
09:32:35,NAKA,09:31,9.41,9.41,9.41,9.41,395,9.34,10.23,9.53,8.02,0,29034,122,SKIP-illiquide-29K,LIVE
09:32:37,HUHU,09:31,3.01,3.01,3.01,3.01,0,3.12,3.3,5.77,8.79,0,1195,88,SKIP-illiquide-1K,LIVE
09:33:03,APLX,09:32,6.61,6.67,6.41,6.48,104448,6.49,7.13,9.86,9.12,6.23,17713258,332,ENTER,LIVE
09:34:22,BBGI,09:33,10.22,10.22,10.22,10.22,100,10.64,11.43,7.42,10.59,5.12,15361,109,SKIP-illiquide-15K,LIVE
09:34:27,FRMM,09:33,4.73,4.73,4.7,4.7,300,4.755,5.17,8.73,9.09,0.14,28072,4,SKIP-illiquide-28K,LIVE
09:35:26,DBGI,09:34,4.25,4.25,4.25,4.25,403,4.33,4.71,8.78,9.77,9.45,18802,334,SKIP-illiquide-19K,LIVE
09:36:07,SVIA,09:35,3.97,3.985,3.9,3.9,2091,4.0,4.25,6.25,8.24,0,98391,138,SKIP-illiquide-98K,LIVE
09:38:35,NUAI,09:37,5.49,5.5,5.4345,5.4345,72391,5.53,5.91,6.87,8.05,0.69,2130065,6,SKIP-pas-capit-x0.7,LIVE
09:39:43,NAKA,09:38,9.17,9.17,9.17,9.17,105,9.34,10.23,9.53,10.36,0,33893,129,SKIP-illiquide-34K,LIVE
09:42:14,VIVK,09:41,4.3,4.3,4.22,4.22,299,4.35,4.61,5.98,8.46,2.17,21470,295,SKIP-illiquide-21K,LIVE
09:42:22,FISN,09:41,5.02,5.02,4.95,4.95,11588,5.08,5.45,7.28,9.17,61.94,163026,68,SKIP-illiquide-163K,LIVE
09:43:30,IMMP,09:42,4.04,4.1036,4.0,4.0,1168,4.06,4.35,7.14,8.05,0,5793,296,SKIP-illiquide-6K,LIVE
09:45:42,NUAI,09:44,5.43,5.435,5.39,5.434,158425,5.53,5.91,6.87,8.05,1.28,5315429,13,SKIP-pas-capit-x1.3,LIVE
09:46:14,GLAS,09:45,5.05,5.05,5.01,5.01,18658,5.13,5.45,6.24,8.07,125.75,295716,148,SKIP-illiquide-296K,LIVE
09:50:02,BYRN,09:49,4.04,4.04,4.01,4.02,1088,4.05,4.4,8.64,8.64,34.16,1618443,349,ENTER,LIVE
09:50:11,MGN,09:49,3.55,3.55,3.47,3.47,958,3.51,3.82,8.83,9.16,0.09,37355,17,SKIP-illiquide-37K,LIVE
09:51:22,VIVK,09:50,4.21,4.21,4.2,4.2,300,4.35,4.61,5.98,8.89,2.69,24880,304,SKIP-illiquide-25K,LIVE
09:53:30,QH,09:52,3.4,3.4,3.4,3.4,139,3.5,3.72,6.29,8.6,0,472,22,SKIP-illiquide-0K,LIVE
09:55:29,FISN,09:54,4.98,4.98,4.98,4.98,156,5.08,5.45,7.28,8.62,66.83,233637,81,SKIP-illiquide-234K,LIVE
09:58:10,BBGI,09:57,10.38,10.38,10.38,10.38,143,10.64,11.55,8.55,10.13,0.34,9998,22,SKIP-illiquide-10K,LIVE
10:02:25,SMXT,10:01,4.42,4.42,4.1,4.1607,14230,4.39,4.7,7.06,11.47,0.7,215497,22,SKIP-illiquide-215K,LIVE
10:03:45,SENS,10:02,8.94,8.94,8.9,8.9,3926,9.16,9.68,5.68,8.06,147.42,623017,104,ENTER,LIVE
10:06:47,LEGO U,10:05,10.08,10.08,10.08,10.08,100,10.08,11.04,9.52,8.7,0,1008,6,SKIP-illiquide-1K,LIVE
10:08:37,VIVK,10:07,4.26,4.26,4.21,4.21,499,4.35,4.61,5.98,8.68,2.73,28547,321,SKIP-illiquide-29K,LIVE
10:09:24,GLAS,10:08,5.02,5.02,5.0,5.0,6000,5.13,5.45,6.24,8.26,369.47,874484,171,ENTER,LIVE
10:09:34,LEXX,10:08,3.32,3.32,3.32,3.32,666,3.46,3.66,5.78,9.29,2.72,6292,37,SKIP-illiquide-6K,LIVE
10:10:04,EVAX,10:09,3.18,3.18,3.15,3.15,4399,3.16,3.44,8.86,8.43,30.21,26043,369,SKIP-illiquide-26K,LIVE
10:11:49,FOIL,10:10,17.83,17.83,17.83,17.83,114,18.28,19.76,8.1,9.77,0.45,10371,5,SKIP-illiquide-10K,LIVE
10:13:35,EVAX,10:12,3.15,3.15,3.15,3.15,1000,3.16,3.44,8.86,8.43,36.09,30785,372,SKIP-illiquide-31K,LIVE
10:14:44,FOIL,10:13,18.2,18.2,17.9,17.9,200,18.28,19.76,8.1,9.41,5.97,58098,8,SKIP-illiquide-58K,LIVE
10:15:08,VIVK,10:14,4.21,4.22,4.21,4.22,548,4.35,4.61,5.98,8.46,3.22,32150,328,SKIP-illiquide-32K,LIVE
10:16:35,PBM,10:15,4.89,4.89,4.87,4.87,311,4.88,5.32,9.02,8.46,0,41374,191,SKIP-illiquide-41K,LIVE
10:21:56,FOIL,10:20,17.71,17.71,17.71,17.71,105,18.28,19.76,8.1,10.37,0.22,68249,15,SKIP-illiquide-68K,LIVE
10:22:35,NDRA,10:21,5.91,5.91,5.91,5.91,631,6.06,6.47,6.77,8.66,0.5,11116,42,SKIP-illiquide-11K,LIVE
10:22:38,LSF,10:21,3.02,3.02,3.02,3.02,2500,3.12,3.3,5.77,8.48,0,7550,26,SKIP-illiquide-8K,LIVE
10:25:20,MX,10:24,3.22,3.22,3.22,3.22,1100,3.24,3.51,8.33,8.26,12.31,441281,251,ENTER,LIVE
10:33:00,FOIL,10:31,17.92,17.92,17.92,17.92,100,18.28,19.76,8.1,9.31,0.22,76038,26,SKIP-illiquide-76K,LIVE
10:35:56,JXG,10:34,7.13,7.13,7.13,7.13,193,7.24,7.795,7.67,8.53,1.89,2105,50,SKIP-illiquide-2K,LIVE
10:36:45,FOIL,10:35,17.92,17.92,17.92,17.92,114,18.28,19.76,8.1,9.31,0.2,82229,30,SKIP-illiquide-82K,LIVE
10:37:26,CMND,10:36,6.49,6.49,6.49,6.49,100,6.6,7.16,8.48,9.36,0.1,84724,46,SKIP-illiquide-85K,LIVE
10:40:17,BBGI,10:39,10.44,10.44,10.42,10.42,200,10.64,11.55,8.55,9.78,0.87,27330,64,SKIP-illiquide-27K,LIVE
10:52:25,VIVK,10:51,4.22,4.22,4.21,4.21,291,4.35,4.61,5.98,8.68,3.0,37748,365,SKIP-illiquide-38K,LIVE
10:53:18,BETR,10:52,9.87,9.87,9.85,9.85,2500,9.92,10.72,8.06,8.12,0.36,1522846,81,SKIP-pas-capit-x0.4,LIVE
10:55:03,ZSQR,10:53,4.56,4.56,4.55,4.55,1430,4.57,4.96,8.53,8.27,0.57,173237,78,SKIP-illiquide-173K,LIVE
10:55:31,VEEE,10:54,10.09,10.09,10.09,10.09,200,10.35,11.0,6.28,8.27,1.74,107233,234,SKIP-illiquide-107K,LIVE
10:57:47,PBM,10:56,4.9,4.94,4.86,4.86,1873,4.88,5.32,9.02,8.65,0,58464,232,SKIP-illiquide-58K,LIVE
10:59:20,BETR,10:58,9.86,9.86,9.85,9.86,1350,9.92,10.72,8.06,8.02,0.36,1607506,87,SKIP-pas-capit-x0.4,LIVE
11:01:01,LVLU,10:59,11.8049,11.8049,11.8049,11.8049,100,12.275,13.0689,6.47,9.67,0.27,11444,56,SKIP-illiquide-11K,LIVE
11:04:37,BETR,11:03,9.85,9.85,9.85,9.85,200,9.92,10.72,8.06,8.12,0.35,1611460,92,SKIP-pas-capit-x0.4,LIVE
11:07:07,ZSQR,11:05,4.51,4.61,4.5,4.51,3000,4.57,4.96,8.53,9.07,0.49,195935,90,SKIP-illiquide-196K,LIVE
11:07:32,CUVL,11:06,5.56,5.56,5.56,5.56,150,5.8,6.1,5.17,8.85,2.46,1967,426,SKIP-illiquide-2K,LIVE
11:11:44,ANGH,11:10,3.48,3.48,3.48,3.48,1432,3.52,3.8,7.95,8.42,0,7262,85,SKIP-illiquide-7K,LIVE
11:12:27,NOWL,11:11,7.31,7.32,7.27,7.27,15536,7.43,7.92,6.59,8.21,0.29,14119527,96,SKIP-pas-capit-x0.3,LIVE
11:15:35,ANGH,11:14,3.48,3.48,3.48,3.48,1496,3.52,3.8,7.95,8.42,0,18228,89,SKIP-illiquide-18K,LIVE
11:17:51,NOWL,11:16,7.29,7.29,7.28,7.28,11842,7.43,7.92,6.59,8.08,0.35,15027062,101,SKIP-pas-capit-x0.3,LIVE
11:21:56,ZSQR,11:20,4.53,4.53,4.52,4.53,300,4.57,4.96,8.53,8.67,0.47,204031,105,SKIP-illiquide-204K,LIVE
11:22:29,STDN,11:21,13.84,13.84,13.66,13.66,8330,14.21,15.0,5.56,8.93,1.67,1623500,212,ENTER,LIVE
11:26:35,LEXX,11:25,3.26,3.28,3.19,3.2,6148,3.46,3.66,5.78,12.57,0.84,44273,114,SKIP-illiquide-44K,LIVE
11:29:46,SMXT,11:28,4.12,4.12,4.12,4.12,100,4.39,4.7,7.06,12.34,0.32,560960,109,SKIP-pas-capit-x0.3,LIVE
11:36:07,VIVK,11:35,4.23,4.23,4.23,4.23,1000,4.35,4.61,5.98,8.24,8.47,89320,409,SKIP-illiquide-89K,LIVE
11:39:39,ZSQR,11:38,4.52,4.52,4.52,4.52,200,4.57,4.96,8.53,8.87,0.3,213619,123,SKIP-illiquide-214K,LIVE
11:40:18,OIG,11:39,7.92,7.92,7.9,7.9,300,8.11,8.6,6.04,8.14,3.43,489041,128,ENTER,LIVE
11:47:13,AIFU,11:45,13.21,13.21,12.31,12.32,12774,12.85,13.88,8.02,11.24,55.31,163536,16,SKIP-illiquide-164K,LIVE
11:47:38,SLE,11:46,4.66,4.66,4.65,4.65,2719,4.76,5.1,7.14,8.82,1.73,100312,236,SKIP-illiquide-100K,LIVE
11:51:49,PBM,11:50,4.89,4.89,4.89,4.89,350,4.88,5.32,9.02,8.08,0,90687,286,SKIP-illiquide-91K,LIVE
11:57:05,FOIL,11:55,18.02,18.02,18.02,18.02,100,18.28,19.76,8.1,8.81,0.95,186373,110,SKIP-illiquide-186K,LIVE
11:57:49,NOWL,11:56,7.29,7.29,7.28,7.28,2650,7.43,7.92,6.59,8.08,0.49,17961020,141,SKIP-pas-capit-x0.5,LIVE
12:01:05,NOWL,11:59,7.28,7.28,7.27,7.27,1800,7.43,7.92,6.59,8.21,0.49,17988198,144,SKIP-pas-capit-x0.5,LIVE
12:11:47,PLRZ,12:10,8.84,8.84,8.84,8.84,111,9.15,9.85,7.65,10.25,0.04,24249,186,SKIP-illiquide-24K,LIVE
12:21:51,NOWL,12:20,7.29,7.29,7.28,7.28,1100,7.43,7.92,6.59,8.08,0.49,19116414,165,SKIP-pas-capit-x0.5,LIVE
12:23:23,ARBB,12:22,4.13,4.13,4.13,4.13,125,4.25,4.66,9.65,11.37,0.09,6429,297,SKIP-illiquide-6K,LIVE
12:36:00,NDRA,12:34,5.93,5.93,5.93,5.93,500,6.06,6.47,6.77,8.35,2.16,35364,175,SKIP-illiquide-35K,LIVE
12:45:58,AIBZ,12:44,3.28,3.28,3.27,3.27,4731,3.38,3.57,5.62,8.4,0.99,381741,160,SKIP-pas-capit-x1.0,LIVE
12:50:02,NOWL,12:48,7.28,7.29,7.28,7.28,7277,7.43,7.92,6.59,8.08,0.39,19664072,193,SKIP-pas-capit-x0.4,LIVE
12:55:09,BBUL,12:53,12.33,12.33,12.3,12.3,1100,12.88,13.65,5.98,9.89,0.05,458388,181,SKIP-pas-capit-x0.0,LIVE
12:56:41,MGN,12:55,3.58,3.58,3.5,3.5,2044,3.51,3.82,8.83,8.38,0.73,106401,203,SKIP-illiquide-106K,LIVE
12:56:47,CMND,12:55,6.55,6.55,6.55,6.55,250,6.6,7.16,8.48,8.52,0.13,98921,185,SKIP-illiquide-99K,LIVE
12:58:31,AIBZ,12:57,3.28,3.3,3.28,3.28,1200,3.38,3.57,5.62,8.12,1.24,440904,173,SKIP-pas-capit-x1.2,LIVE
12:58:34,GEVX,12:57,18.45,18.48,18.14,18.18,229568,18.92,20.0,5.71,9.1,11.83,5287537,148,ENTER,LIVE
12:58:34,FOMG,12:57,8.0,8.0,8.0,8.0,400,8.23,8.7,5.71,8.05,7.29,57892,146,SKIP-illiquide-58K,LIVE
13:00:47,VIVK,12:59,4.23,4.23,4.23,4.23,100,4.35,4.61,5.98,8.24,7.18,112440,493,SKIP-illiquide-112K,LIVE
13:01:42,ADXN,13:00,3.09,3.09,3.0,3.0,506,3.13,3.29,5.11,8.81,0.58,16375,325,SKIP-illiquide-16K,LIVE
13:01:54,AIBZ,13:00,3.3,3.3,3.28,3.28,200,3.38,3.57,5.62,8.12,1.27,443993,176,SKIP-pas-capit-x1.3,LIVE
13:07:47,AIBZ,13:06,3.28,3.28,3.28,3.28,100,3.38,3.57,5.62,8.12,1.28,447070,182,SKIP-pas-capit-x1.3,LIVE
